finance_row_id,person_id,department_id,region_id,reporting_date,extracted_at
F00001,P0001,D01,UK,2026-08-25,2026-08-26T06:00:00Z
F00002,P0002,D02,UK,2026-08-25,2026-08-26T06:00:00Z
F00003,P0003,D01,UK,2026-08-25,2026-08-26T06:00:00Z
F00004,P0004,D05,UK,2026-08-25,2026-08-26T06:00:00Z
F00005,P0005,D04,UK,2026-08-25,2026-08-26T06:00:00Z
F00006,P0006,D01,UK,2026-08-25,2026-08-26T06:00:00Z
F00007,P0007,D05,UK,2026-08-25,2026-08-26T06:00:00Z
F00008,P0008,D05,UK,2026-08-25,2026-08-26T06:00:00Z
F00009,P0009,D04,UK,2026-08-25,2026-08-26T06:00:00Z
F00010,P0010,D01,UK,2026-08-25,2026-08-26T06:00:00Z
F00011,P0011,D04,UK,2026-08-25,2026-08-26T06:00:00Z
F00012,P0012,D02,UK,2026-08-25,2026-08-26T06:00:00Z
F00013,P0013,D01,UK,2026-08-25,2026-08-26T06:00:00Z
F00014,P0014,D01,UK,2026-08-25,2026-08-26T06:00:00Z
F00015,P0015,D05,UK,2026-08-25,2026-08-26T06:00:00Z
F00016,P0016,D04,UK,2026-08-25,2026-08-26T06:00:00Z
F00017,P0017,D04,UK,2026-08-25,2026-08-26T06:00:00Z
F00018,P0018,D05,UK,2026-08-25,2026-08-26T06:00:00Z
F00019,P0019,D05,UK,2026-08-25,2026-08-26T06:00:00Z
F00020,P0020,D01,UK,2026-08-25,2026-08-26T06:00:00Z
F00021,P0021,D02,UK,2026-08-25,2026-08-26T06:00:00Z
F00022,P0022,D01,UK,2026-08-25,2026-08-26T06:00:00Z
F00023,P0023,D01,UK,2026-08-25,2026-08-26T06:00:00Z
F00024,P0024,D04,UK,2026-08-25,2026-08-26T06:00:00Z
F00025,P0025,D02,UK,2026-08-25,2026-08-26T06:00:00Z
F00026,P0026,D02,UK,2026-08-25,2026-08-26T06:00:00Z
F00027,P0027,D01,UK,2026-08-25,2026-08-26T06:00:00Z
F00028,P0028,D02,UK,2026-08-25,2026-08-26T06:00:00Z
F00029,P0029,D02,UK,2026-08-25,2026-08-26T06:00:00Z
F00030,P0030,D04,UK,2026-08-25,2026-08-26T06:00:00Z
F00031,P0042,D03,US,2026-08-25,2026-08-26T06:00:00Z
F00032,P0043,D01,UK,2026-08-25,2026-08-26T06:00:00Z
F00033,P0044,D01,US,2026-08-25,2026-08-26T06:00:00Z
F00034,P0046,D04,US,2026-08-25,2026-08-26T06:00:00Z
F00035,P0047,D04,IN,2026-08-25,2026-08-26T06:00:00Z
F00036,P0048,D05,UK,2026-08-25,2026-08-26T06:00:00Z
F00037,P0049,D02,US,2026-08-25,2026-08-26T06:00:00Z
F00038,P0051,D03,IN,2026-08-25,2026-08-26T06:00:00Z
F00039,P0052,D04,UK,2026-08-25,2026-08-26T06:00:00Z
F00040,P0053,D01,UK,2026-08-25,2026-08-26T06:00:00Z
F00041,P0055,D03,US,2026-08-25,2026-08-26T06:00:00Z
F00042,P0056,D01,IN,2026-08-25,2026-08-26T06:00:00Z
F00043,P0057,D02,US,2026-08-25,2026-08-26T06:00:00Z
F00044,P0058,D05,US,2026-08-25,2026-08-26T06:00:00Z
F00045,P0059,D01,IN,2026-08-25,2026-08-26T06:00:00Z
F00046,P0061,D03,US,2026-08-25,2026-08-26T06:00:00Z
F00047,P0062,D02,UK,2026-08-25,2026-08-26T06:00:00Z
F00048,P0064,D04,IN,2026-08-25,2026-08-26T06:00:00Z
F00049,P0065,D05,US,2026-08-25,2026-08-26T06:00:00Z
F00050,P0066,D02,US,2026-08-25,2026-08-26T06:00:00Z
F00051,P0067,D05,UK,2026-08-25,2026-08-26T06:00:00Z
F00052,P0068,D05,UK,2026-08-25,2026-08-26T06:00:00Z
F00053,P0069,D04,IN,2026-08-25,2026-08-26T06:00:00Z
F00054,P0071,D02,IN,2026-08-25,2026-08-26T06:00:00Z
F00055,P0073,D04,IN,2026-08-25,2026-08-26T06:00:00Z
F00056,P0074,D02,US,2026-08-25,2026-08-26T06:00:00Z
F00057,P0075,D01,UK,2026-08-25,2026-08-26T06:00:00Z
F00058,P0076,D02,IN,2026-08-25,2026-08-26T06:00:00Z
F00059,P0077,D02,US,2026-08-25,2026-08-26T06:00:00Z
F00060,P0078,D01,IN,2026-08-25,2026-08-26T06:00:00Z
F00061,P0079,D01,US,2026-08-25,2026-08-26T06:00:00Z
F00062,P0082,D02,IN,2026-08-25,2026-08-26T06:00:00Z
F00063,P0083,D05,IN,2026-08-25,2026-08-26T06:00:00Z
F00064,P0084,D05,US,2026-08-25,2026-08-26T06:00:00Z
F00065,P0085,D02,UK,2026-08-25,2026-08-26T06:00:00Z
F00066,P0086,D04,US,2026-08-25,2026-08-26T06:00:00Z
F00067,P0087,D04,UK,2026-08-25,2026-08-26T06:00:00Z
F00068,P0088,D01,IN,2026-08-25,2026-08-26T06:00:00Z
F00069,P0089,D01,IN,2026-08-25,2026-08-26T06:00:00Z
F00070,P0091,D03,US,2026-08-25,2026-08-26T06:00:00Z
F00071,P0092,D05,US,2026-08-25,2026-08-26T06:00:00Z
F00072,P0093,D04,US,2026-08-25,2026-08-26T06:00:00Z
F00073,P0094,D04,UK,2026-08-25,2026-08-26T06:00:00Z
F00074,P0095,D04,US,2026-08-25,2026-08-26T06:00:00Z
F00075,P0096,D01,IN,2026-08-25,2026-08-26T06:00:00Z
F00076,P0097,D05,IN,2026-08-25,2026-08-26T06:00:00Z
F00077,P0098,D02,US,2026-08-25,2026-08-26T06:00:00Z
F00078,P0101,D01,UK,2026-08-25,2026-08-26T06:00:00Z
F00079,P0102,D01,UK,2026-08-25,2026-08-26T06:00:00Z
F00080,P0103,D04,UK,2026-08-25,2026-08-26T06:00:00Z
F00081,P0104,D05,UK,2026-08-25,2026-08-26T06:00:00Z
F00082,P0105,D05,IN,2026-08-25,2026-08-26T06:00:00Z
F00083,P0106,D03,US,2026-08-25,2026-08-26T06:00:00Z
F00084,P0107,D05,US,2026-08-25,2026-08-26T06:00:00Z
F00085,P0109,D05,US,2026-08-25,2026-08-26T06:00:00Z
F00086,P0111,D05,US,2026-08-25,2026-08-26T06:00:00Z
F00087,P0112,D02,US,2026-08-25,2026-08-26T06:00:00Z
F00088,P0113,D02,US,2026-08-25,2026-08-26T06:00:00Z
F00089,P0114,D05,US,2026-08-25,2026-08-26T06:00:00Z
F00090,P0115,D05,IN,2026-08-25,2026-08-26T06:00:00Z
F00091,P0116,D01,IN,2026-08-25,2026-08-26T06:00:00Z
F00092,P0118,D03,IN,2026-08-25,2026-08-26T06:00:00Z
F00093,P0119,D05,UK,2026-08-25,2026-08-26T06:00:00Z
F00094,P0121,D01,UK,2026-08-25,2026-08-26T06:00:00Z
F00095,P0122,D05,UK,2026-08-25,2026-08-26T06:00:00Z
F00096,P0123,D01,US,2026-08-25,2026-08-26T06:00:00Z
F00097,P0124,D05,US,2026-08-25,2026-08-26T06:00:00Z
F00098,P0125,D03,US,2026-08-25,2026-08-26T06:00:00Z
F00099,P0127,D04,US,2026-08-25,2026-08-26T06:00:00Z
F00100,P0128,D03,IN,2026-08-25,2026-08-26T06:00:00Z
F00101,P0129,D05,IN,2026-08-25,2026-08-26T06:00:00Z
F00102,P0131,D01,IN,2026-08-25,2026-08-26T06:00:00Z
F00103,P0132,D03,US,2026-08-25,2026-08-26T06:00:00Z
F00104,P0133,D01,US,2026-08-25,2026-08-26T06:00:00Z
F00105,P0134,D03,UK,2026-08-25,2026-08-26T06:00:00Z
F00106,P0136,D03,IN,2026-08-25,2026-08-26T06:00:00Z
F00107,P0137,D03,UK,2026-08-25,2026-08-26T06:00:00Z
F00108,P0138,D01,US,2026-08-25,2026-08-26T06:00:00Z
F00109,P0139,D03,UK,2026-08-25,2026-08-26T06:00:00Z
F00110,P0141,D03,US,2026-08-25,2026-08-26T06:00:00Z
F00111,P0142,D04,IN,2026-08-25,2026-08-26T06:00:00Z
F00112,P0143,D04,IN,2026-08-25,2026-08-26T06:00:00Z
F00113,P0145,D02,IN,2026-08-25,2026-08-26T06:00:00Z
F00114,P0146,D03,US,2026-08-25,2026-08-26T06:00:00Z
F00115,P0147,D03,IN,2026-08-25,2026-08-26T06:00:00Z
F00116,P0148,D01,US,2026-08-25,2026-08-26T06:00:00Z
F00117,P0149,D01,UK,2026-08-25,2026-08-26T06:00:00Z
F00118,P0151,D01,US,2026-08-25,2026-08-26T06:00:00Z
F00119,P0152,D04,IN,2026-08-25,2026-08-26T06:00:00Z
F00120,P0154,D05,US,2026-08-25,2026-08-26T06:00:00Z
F00121,P0155,D03,US,2026-08-25,2026-08-26T06:00:00Z
F00122,P0156,D02,UK,2026-08-25,2026-08-26T06:00:00Z
F00123,P0157,D01,US,2026-08-25,2026-08-26T06:00:00Z
F00124,P0158,D04,US,2026-08-25,2026-08-26T06:00:00Z
F00125,P0159,D04,US,2026-08-25,2026-08-26T06:00:00Z
F00126,P0161,D03,US,2026-08-25,2026-08-26T06:00:00Z
F00127,P0163,D03,UK,2026-08-25,2026-08-26T06:00:00Z
F00128,P0164,D04,IN,2026-08-25,2026-08-26T06:00:00Z
F00129,P0165,D03,IN,2026-08-25,2026-08-26T06:00:00Z
F00130,P0166,D01,US,2026-08-25,2026-08-26T06:00:00Z
F00131,P0167,D02,UK,2026-08-25,2026-08-26T06:00:00Z
F00132,P0168,D02,UK,2026-08-25,2026-08-26T06:00:00Z
F00133,P0169,D04,IN,2026-08-25,2026-08-26T06:00:00Z
F00134,P0172,D02,IN,2026-08-25,2026-08-26T06:00:00Z
F00135,P0173,D04,US,2026-08-25,2026-08-26T06:00:00Z
F00136,P0174,D05,IN,2026-08-25,2026-08-26T06:00:00Z
F00137,P0175,D03,IN,2026-08-25,2026-08-26T06:00:00Z
F00138,P0176,D01,UK,2026-08-25,2026-08-26T06:00:00Z
F00139,P0177,D03,IN,2026-08-25,2026-08-26T06:00:00Z
F00140,P0178,D01,UK,2026-08-25,2026-08-26T06:00:00Z
F00141,P0179,D05,UK,2026-08-25,2026-08-26T06:00:00Z
F00142,P0181,D05,UK,2026-08-25,2026-08-26T06:00:00Z
F00143,P0182,D05,US,2026-08-25,2026-08-26T06:00:00Z
F00144,P0183,D02,UK,2026-08-25,2026-08-26T06:00:00Z
F00145,P0184,D03,IN,2026-08-25,2026-08-26T06:00:00Z
F00146,P0185,D01,IN,2026-08-25,2026-08-26T06:00:00Z
F00147,P0186,D02,UK,2026-08-25,2026-08-26T06:00:00Z
F00148,P0187,D05,IN,2026-08-25,2026-08-26T06:00:00Z
F00149,P0188,D04,UK,2026-08-25,2026-08-26T06:00:00Z
F00150,P0191,D03,US,2026-08-25,2026-08-26T06:00:00Z
F00151,P0192,D05,IN,2026-08-25,2026-08-26T06:00:00Z
F00152,P0193,D02,US,2026-08-25,2026-08-26T06:00:00Z
F00153,P0194,D02,UK,2026-08-25,2026-08-26T06:00:00Z
F00154,P0195,D02,US,2026-08-25,2026-08-26T06:00:00Z
F00155,P0196,D03,US,2026-08-25,2026-08-26T06:00:00Z
F00156,P0197,D01,IN,2026-08-25,2026-08-26T06:00:00Z
F00157,P0199,D04,IN,2026-08-25,2026-08-26T06:00:00Z
F00158,P0201,D01,IN,2026-08-25,2026-08-26T06:00:00Z
F00159,P0202,D04,US,2026-08-25,2026-08-26T06:00:00Z
F00160,P0203,D01,US,2026-08-25,2026-08-26T06:00:00Z
F00161,P0204,D05,US,2026-08-25,2026-08-26T06:00:00Z
F00162,P0205,D04,US,2026-08-25,2026-08-26T06:00:00Z
F00163,P0206,D05,UK,2026-08-25,2026-08-26T06:00:00Z
F00164,P0208,D05,IN,2026-08-25,2026-08-26T06:00:00Z
F00165,P0209,D04,IN,2026-08-25,2026-08-26T06:00:00Z
F00166,P0211,D02,UK,2026-08-25,2026-08-26T06:00:00Z
F00167,P0212,D03,IN,2026-08-25,2026-08-26T06:00:00Z
F00168,P0213,D04,IN,2026-08-25,2026-08-26T06:00:00Z
F00169,P0214,D03,US,2026-08-25,2026-08-26T06:00:00Z
F00170,P0215,D03,US,2026-08-25,2026-08-26T06:00:00Z
F00171,P0217,D02,IN,2026-08-25,2026-08-26T06:00:00Z
F00172,P0218,D02,US,2026-08-25,2026-08-26T06:00:00Z
F00173,P0219,D02,IN,2026-08-25,2026-08-26T06:00:00Z
F00174,P0221,D03,UK,2026-08-25,2026-08-26T06:00:00Z
F00175,P0222,D04,UK,2026-08-25,2026-08-26T06:00:00Z
F00176,P0223,D04,US,2026-08-25,2026-08-26T06:00:00Z
F00177,P0224,D02,IN,2026-08-25,2026-08-26T06:00:00Z
F00178,P0226,D03,UK,2026-08-25,2026-08-26T06:00:00Z
F00179,P0227,D04,UK,2026-08-25,2026-08-26T06:00:00Z
F00180,P0228,D05,IN,2026-08-25,2026-08-26T06:00:00Z
F00181,P0229,D02,IN,2026-08-25,2026-08-26T06:00:00Z
F00182,P0231,D02,UK,2026-08-25,2026-08-26T06:00:00Z
F00183,P0232,D04,UK,2026-08-25,2026-08-26T06:00:00Z
F00184,P0233,D04,US,2026-08-25,2026-08-26T06:00:00Z
F00185,P0235,D05,UK,2026-08-25,2026-08-26T06:00:00Z
F00186,P0236,D01,IN,2026-08-25,2026-08-26T06:00:00Z
F00187,P0237,D04,IN,2026-08-25,2026-08-26T06:00:00Z
F00188,P0238,D03,UK,2026-08-25,2026-08-26T06:00:00Z
F00189,P0239,D04,UK,2026-08-25,2026-08-26T06:00:00Z
F00190,P0241,D04,UK,2026-08-25,2026-08-26T06:00:00Z
F00191,P0242,D03,UK,2026-08-25,2026-08-26T06:00:00Z
F00192,P0244,D01,IN,2026-08-25,2026-08-26T06:00:00Z
F00193,P0245,D03,UK,2026-08-25,2026-08-26T06:00:00Z
F00194,P0246,D01,US,2026-08-25,2026-08-26T06:00:00Z
F00195,P0247,D02,US,2026-08-25,2026-08-26T06:00:00Z
F00196,P0248,D05,US,2026-08-25,2026-08-26T06:00:00Z
F00197,P0249,D02,US,2026-08-25,2026-08-26T06:00:00Z
F00198,P0251,D04,US,2026-08-25,2026-08-26T06:00:00Z
F00199,P0253,D01,IN,2026-08-25,2026-08-26T06:00:00Z
F00200,P0254,D03,US,2026-08-25,2026-08-26T06:00:00Z
F00201,P0255,D01,IN,2026-08-25,2026-08-26T06:00:00Z
F00202,P0256,D05,UK,2026-08-25,2026-08-26T06:00:00Z
F00203,P0257,D04,UK,2026-08-25,2026-08-26T06:00:00Z
F00204,P0258,D02,IN,2026-08-25,2026-08-26T06:00:00Z
F00205,P0259,D03,IN,2026-08-25,2026-08-26T06:00:00Z
F00206,P0262,D04,IN,2026-08-25,2026-08-26T06:00:00Z
F00207,P0263,D01,UK,2026-08-25,2026-08-26T06:00:00Z
F00208,P0264,D03,IN,2026-08-25,2026-08-26T06:00:00Z
F00209,P0265,D04,UK,2026-08-25,2026-08-26T06:00:00Z
F00210,P0266,D04,UK,2026-08-25,2026-08-26T06:00:00Z
F00211,P0267,D02,UK,2026-08-25,2026-08-26T06:00:00Z
F00212,P0268,D05,US,2026-08-25,2026-08-26T06:00:00Z
F00213,P0269,D03,IN,2026-08-25,2026-08-26T06:00:00Z
F00214,P0271,D05,IN,2026-08-25,2026-08-26T06:00:00Z
F00215,P0272,D02,UK,2026-08-25,2026-08-26T06:00:00Z
F00216,P0273,D04,US,2026-08-25,2026-08-26T06:00:00Z
F00217,P0274,D02,UK,2026-08-25,2026-08-26T06:00:00Z
F00218,P0275,D05,UK,2026-08-25,2026-08-26T06:00:00Z
F00219,P0276,D04,IN,2026-08-25,2026-08-26T06:00:00Z
F00220,P0277,D04,US,2026-08-25,2026-08-26T06:00:00Z
F00221,P0278,D02,UK,2026-08-25,2026-08-26T06:00:00Z
F00222,P0281,D05,UK,2026-08-25,2026-08-26T06:00:00Z
F00223,P0282,D02,IN,2026-08-25,2026-08-26T06:00:00Z
F00224,P0283,D04,US,2026-08-25,2026-08-26T06:00:00Z
F00225,P0284,D02,IN,2026-08-25,2026-08-26T06:00:00Z
F00226,P0285,D04,UK,2026-08-25,2026-08-26T06:00:00Z
F00227,P0286,D01,US,2026-08-25,2026-08-26T06:00:00Z
F00228,P0287,D05,US,2026-08-25,2026-08-26T06:00:00Z
F00229,P0289,D05,UK,2026-08-25,2026-08-26T06:00:00Z
F00230,P0291,D03,IN,2026-08-25,2026-08-26T06:00:00Z
F00231,P0292,D04,IN,2026-08-25,2026-08-26T06:00:00Z
F00232,P0293,D03,UK,2026-08-25,2026-08-26T06:00:00Z
F00233,P0294,D03,US,2026-08-25,2026-08-26T06:00:00Z
F00234,P0295,D05,US,2026-08-25,2026-08-26T06:00:00Z
F00235,P0296,D02,IN,2026-08-25,2026-08-26T06:00:00Z
F00236,P0298,D05,IN,2026-08-25,2026-08-26T06:00:00Z
F00237,P0299,D05,IN,2026-08-25,2026-08-26T06:00:00Z
F00238,P0301,D04,US,2026-08-25,2026-08-26T06:00:00Z
F00239,P0302,D01,UK,2026-08-25,2026-08-26T06:00:00Z
F00240,P0303,D02,IN,2026-08-25,2026-08-26T06:00:00Z
F00241,P0304,D01,US,2026-08-25,2026-08-26T06:00:00Z
F00242,P0305,D02,UK,2026-08-25,2026-08-26T06:00:00Z
F00243,P0307,D04,UK,2026-08-25,2026-08-26T06:00:00Z
F00244,P0308,D04,UK,2026-08-25,2026-08-26T06:00:00Z
F00245,P0309,D03,US,2026-08-25,2026-08-26T06:00:00Z
F00246,P0311,D04,US,2026-08-25,2026-08-26T06:00:00Z
F00247,P0312,D05,US,2026-08-25,2026-08-26T06:00:00Z
F00248,P0313,D01,IN,2026-08-25,2026-08-26T06:00:00Z
F00249,P0314,D05,US,2026-08-25,2026-08-26T06:00:00Z
F00250,P0315,D03,US,2026-08-25,2026-08-26T06:00:00Z
F00251,P0316,D04,IN,2026-08-25,2026-08-26T06:00:00Z
F00252,P0317,D05,IN,2026-08-25,2026-08-26T06:00:00Z
F00253,P0318,D04,IN,2026-08-25,2026-08-26T06:00:00Z
F00254,P0319,D03,UK,2026-08-25,2026-08-26T06:00:00Z
F00255,P0321,D05,IN,2026-08-25,2026-08-26T06:00:00Z
F00256,P0322,D02,IN,2026-08-25,2026-08-26T06:00:00Z
F00257,P0323,D02,US,2026-08-25,2026-08-26T06:00:00Z
F00258,P0325,D01,IN,2026-08-25,2026-08-26T06:00:00Z
F00259,P0326,D04,US,2026-08-25,2026-08-26T06:00:00Z
F00260,P0327,D05,IN,2026-08-25,2026-08-26T06:00:00Z
F00261,P0328,D01,UK,2026-08-25,2026-08-26T06:00:00Z
F00262,P0329,D04,UK,2026-08-25,2026-08-26T06:00:00Z
F00263,P0331,D03,US,2026-08-25,2026-08-26T06:00:00Z
F00264,P0332,D05,IN,2026-08-25,2026-08-26T06:00:00Z
F00265,P0334,D02,US,2026-08-25,2026-08-26T06:00:00Z
F00266,P0335,D02,UK,2026-08-25,2026-08-26T06:00:00Z
F00267,P0336,D03,US,2026-08-25,2026-08-26T06:00:00Z
F00268,P0337,D05,UK,2026-08-25,2026-08-26T06:00:00Z
F00269,P0338,D03,IN,2026-08-25,2026-08-26T06:00:00Z
F00270,P0339,D04,US,2026-08-25,2026-08-26T06:00:00Z
F00271,P0341,D05,UK,2026-08-25,2026-08-26T06:00:00Z
F00272,P0343,D05,US,2026-08-25,2026-08-26T06:00:00Z
F00273,P0344,D05,UK,2026-08-25,2026-08-26T06:00:00Z
F00274,P0345,D01,US,2026-08-25,2026-08-26T06:00:00Z
F00275,P0346,D05,IN,2026-08-25,2026-08-26T06:00:00Z
F00276,P0347,D03,US,2026-08-25,2026-08-26T06:00:00Z
F00277,P0348,D02,US,2026-08-25,2026-08-26T06:00:00Z
F00278,P0349,D04,IN,2026-08-25,2026-08-26T06:00:00Z
F00279,P0352,D04,US,2026-08-25,2026-08-26T06:00:00Z
F00280,P0353,D03,UK,2026-08-25,2026-08-26T06:00:00Z
F00281,P0354,D01,IN,2026-08-25,2026-08-26T06:00:00Z
F00282,P0355,D03,US,2026-08-25,2026-08-26T06:00:00Z
F00283,P0356,D04,IN,2026-08-25,2026-08-26T06:00:00Z
F00284,P0357,D05,IN,2026-08-25,2026-08-26T06:00:00Z
F00285,P0358,D01,IN,2026-08-25,2026-08-26T06:00:00Z
F00286,P0359,D03,US,2026-08-25,2026-08-26T06:00:00Z
F00287,P0361,D01,IN,2026-08-25,2026-08-26T06:00:00Z
F00288,P0362,D04,IN,2026-08-25,2026-08-26T06:00:00Z
F00289,P0363,D02,US,2026-08-25,2026-08-26T06:00:00Z
F00290,P0364,D01,UK,2026-08-25,2026-08-26T06:00:00Z
F00291,P0365,D04,UK,2026-08-25,2026-08-26T06:00:00Z
F00292,P0366,D02,US,2026-08-25,2026-08-26T06:00:00Z
F00293,P0367,D02,IN,2026-08-25,2026-08-26T06:00:00Z
F00294,P0368,D04,UK,2026-08-25,2026-08-26T06:00:00Z
F00295,P0369,D01,US,2026-08-25,2026-08-26T06:00:00Z
F00296,P0371,D03,US,2026-08-25,2026-08-26T06:00:00Z
F00297,P0372,D01,IN,2026-08-25,2026-08-26T06:00:00Z
F00298,P0373,D01,UK,2026-08-25,2026-08-26T06:00:00Z
F00299,P0374,D04,US,2026-08-25,2026-08-26T06:00:00Z
F00300,P0375,D02,US,2026-08-25,2026-08-26T06:00:00Z
F00301,P0376,D03,IN,2026-08-25,2026-08-26T06:00:00Z
F00302,P0377,D03,IN,2026-08-25,2026-08-26T06:00:00Z
F00303,P0379,D02,IN,2026-08-25,2026-08-26T06:00:00Z
F00304,P0381,D02,IN,2026-08-25,2026-08-26T06:00:00Z
F00305,P0382,D03,US,2026-08-25,2026-08-26T06:00:00Z
F00306,P0383,D03,UK,2026-08-25,2026-08-26T06:00:00Z
F00307,P0384,D03,IN,2026-08-25,2026-08-26T06:00:00Z
F00308,P0385,D04,US,2026-08-25,2026-08-26T06:00:00Z
F00309,P0386,D05,UK,2026-08-25,2026-08-26T06:00:00Z
F00310,P0388,D03,UK,2026-08-25,2026-08-26T06:00:00Z
F00311,P0389,D05,IN,2026-08-25,2026-08-26T06:00:00Z
F00312,P0391,D02,US,2026-08-25,2026-08-26T06:00:00Z
F00313,P0392,D03,UK,2026-08-25,2026-08-26T06:00:00Z
F00314,P0393,D01,UK,2026-08-25,2026-08-26T06:00:00Z
F00315,P0394,D04,IN,2026-08-25,2026-08-26T06:00:00Z
F00316,P0395,D04,UK,2026-08-25,2026-08-26T06:00:00Z
F00317,P0397,D05,IN,2026-08-25,2026-08-26T06:00:00Z
F00318,P0398,D04,US,2026-08-25,2026-08-26T06:00:00Z
F00319,P0399,D05,IN,2026-08-25,2026-08-26T06:00:00Z
F00320,P0401,D02,IN,2026-08-25,2026-08-26T06:00:00Z
F00321,P0402,D03,UK,2026-08-25,2026-08-26T06:00:00Z
F00322,P0403,D04,IN,2026-08-25,2026-08-26T06:00:00Z
F00323,P0404,D03,US,2026-08-25,2026-08-26T06:00:00Z
F00324,P0406,D02,IN,2026-08-25,2026-08-26T06:00:00Z
F00325,P0407,D02,US,2026-08-25,2026-08-26T06:00:00Z
F00326,P0408,D03,IN,2026-08-25,2026-08-26T06:00:00Z
F00327,P0409,D01,IN,2026-08-25,2026-08-26T06:00:00Z
F00328,P0411,D03,US,2026-08-25,2026-08-26T06:00:00Z
F00329,P0412,D01,US,2026-08-25,2026-08-26T06:00:00Z
F00330,P0413,D04,US,2026-08-25,2026-08-26T06:00:00Z
F00331,P0415,D04,IN,2026-08-25,2026-08-26T06:00:00Z
F00332,P0416,D02,IN,2026-08-25,2026-08-26T06:00:00Z
F00333,P0417,D01,US,2026-08-25,2026-08-26T06:00:00Z
F00334,P0418,D05,UK,2026-08-25,2026-08-26T06:00:00Z
F00335,P0419,D04,US,2026-08-25,2026-08-26T06:00:00Z
F00336,P0421,D03,UK,2026-08-25,2026-08-26T06:00:00Z
F00337,P0422,D01,UK,2026-08-25,2026-08-26T06:00:00Z
F00338,P0423,D05,UK,2026-08-25,2026-08-26T06:00:00Z
F00339,P0424,D04,US,2026-08-25,2026-08-26T06:00:00Z
F00340,P0425,D05,UK,2026-08-25,2026-08-26T06:00:00Z
F00341,P0426,D04,IN,2026-08-25,2026-08-26T06:00:00Z
F00342,P0427,D05,UK,2026-08-25,2026-08-26T06:00:00Z
F00343,P0428,D02,UK,2026-08-25,2026-08-26T06:00:00Z
F00344,P0429,D01,UK,2026-08-25,2026-08-26T06:00:00Z
F00345,P0431,D03,IN,2026-08-25,2026-08-26T06:00:00Z
F00346,P0433,D05,US,2026-08-25,2026-08-26T06:00:00Z
F00347,P0434,D02,IN,2026-08-25,2026-08-26T06:00:00Z
F00348,P0435,D04,IN,2026-08-25,2026-08-26T06:00:00Z
F00349,P0436,D02,UK,2026-08-25,2026-08-26T06:00:00Z
F00350,P0437,D02,UK,2026-08-25,2026-08-26T06:00:00Z
F00351,P0438,D05,US,2026-08-25,2026-08-26T06:00:00Z
F00352,P0439,D02,IN,2026-08-25,2026-08-26T06:00:00Z
F00353,P0442,D02,IN,2026-08-25,2026-08-26T06:00:00Z
F00354,P0443,D03,UK,2026-08-25,2026-08-26T06:00:00Z
F00355,P0444,D02,UK,2026-08-25,2026-08-26T06:00:00Z
F00356,P0445,D05,US,2026-08-25,2026-08-26T06:00:00Z
F00357,P0446,D05,UK,2026-08-25,2026-08-26T06:00:00Z
F00358,P0447,D02,UK,2026-08-25,2026-08-26T06:00:00Z
F00359,P0448,D04,UK,2026-08-25,2026-08-26T06:00:00Z
F00360,P0449,D01,UK,2026-08-25,2026-08-26T06:00:00Z
F00361,P0451,D04,IN,2026-08-25,2026-08-26T06:00:00Z
F00362,P0452,D03,IN,2026-08-25,2026-08-26T06:00:00Z
F00363,P0453,D01,UK,2026-08-25,2026-08-26T06:00:00Z
F00364,P0454,D01,IN,2026-08-25,2026-08-26T06:00:00Z
F00365,P0455,D04,UK,2026-08-25,2026-08-26T06:00:00Z
F00366,P0456,D03,UK,2026-08-25,2026-08-26T06:00:00Z
F00367,P0457,D02,IN,2026-08-25,2026-08-26T06:00:00Z
F00368,P0458,D05,US,2026-08-25,2026-08-26T06:00:00Z
F00369,P0461,D03,IN,2026-08-25,2026-08-26T06:00:00Z
F00370,P0462,D02,UK,2026-08-25,2026-08-26T06:00:00Z
F00371,P0463,D01,US,2026-08-25,2026-08-26T06:00:00Z
F00372,P0464,D01,UK,2026-08-25,2026-08-26T06:00:00Z
F00373,P0465,D05,US,2026-08-25,2026-08-26T06:00:00Z
F00374,P0466,D04,UK,2026-08-25,2026-08-26T06:00:00Z
F00375,P0467,D05,IN,2026-08-25,2026-08-26T06:00:00Z
F00376,P0469,D01,UK,2026-08-25,2026-08-26T06:00:00Z
F00377,P0471,D02,UK,2026-08-25,2026-08-26T06:00:00Z
F00378,P0472,D02,UK,2026-08-25,2026-08-26T06:00:00Z
F00379,P0473,D01,UK,2026-08-25,2026-08-26T06:00:00Z
F00380,P0474,D05,UK,2026-08-25,2026-08-26T06:00:00Z
F00381,P0475,D03,IN,2026-08-25,2026-08-26T06:00:00Z
F00382,P0476,D04,UK,2026-08-25,2026-08-26T06:00:00Z
F00383,P0478,D05,US,2026-08-25,2026-08-26T06:00:00Z
F00384,P0479,D01,US,2026-08-25,2026-08-26T06:00:00Z
F00385,P0481,D02,IN,2026-08-25,2026-08-26T06:00:00Z
F00386,P0482,D02,IN,2026-08-25,2026-08-26T06:00:00Z
F00387,P0483,D03,US,2026-08-25,2026-08-26T06:00:00Z
F00388,P0484,D05,US,2026-08-25,2026-08-26T06:00:00Z
F00389,P0485,D02,UK,2026-08-25,2026-08-26T06:00:00Z
F00390,P0487,D02,US,2026-08-25,2026-08-26T06:00:00Z
F00391,P0488,D02,UK,2026-08-25,2026-08-26T06:00:00Z
F00392,P0489,D01,UK,2026-08-25,2026-08-26T06:00:00Z
F00393,P0491,D04,IN,2026-08-25,2026-08-26T06:00:00Z
F00394,P0492,D01,US,2026-08-25,2026-08-26T06:00:00Z
F00395,P0493,D03,UK,2026-08-25,2026-08-26T06:00:00Z
F00396,P0494,D01,IN,2026-08-25,2026-08-26T06:00:00Z
F00397,P0496,D05,IN,2026-08-25,2026-08-26T06:00:00Z
F00398,P0497,D02,UK,2026-08-25,2026-08-26T06:00:00Z
F00399,P0498,D04,UK,2026-08-25,2026-08-26T06:00:00Z
F00400,P0499,D01,IN,2026-08-25,2026-08-26T06:00:00Z
F00401,P0501,D03,US,2026-08-25,2026-08-26T06:00:00Z
F00402,P0502,D01,US,2026-08-25,2026-08-26T06:00:00Z
F00403,P0503,D05,UK,2026-08-25,2026-08-26T06:00:00Z
F00404,P0505,D04,UK,2026-08-25,2026-08-26T06:00:00Z
F00405,P0506,D04,IN,2026-08-25,2026-08-26T06:00:00Z
F00406,P0507,D01,IN,2026-08-25,2026-08-26T06:00:00Z
F00407,P0508,D05,IN,2026-08-25,2026-08-26T06:00:00Z
F00408,P0509,D04,US,2026-08-25,2026-08-26T06:00:00Z
F00409,P0511,D05,UK,2026-08-25,2026-08-26T06:00:00Z
F00410,P0512,D01,IN,2026-08-25,2026-08-26T06:00:00Z
F00411,P0514,D04,US,2026-08-25,2026-08-26T06:00:00Z
F00412,P0515,D01,US,2026-08-25,2026-08-26T06:00:00Z
F00413,P0516,D01,UK,2026-08-25,2026-08-26T06:00:00Z
F00414,P0517,D03,IN,2026-08-25,2026-08-26T06:00:00Z
F00415,P0518,D01,US,2026-08-25,2026-08-26T06:00:00Z
F00416,P0519,D05,IN,2026-08-25,2026-08-26T06:00:00Z
F00417,P0521,D04,UK,2026-08-25,2026-08-26T06:00:00Z
F00418,P0523,D01,UK,2026-08-25,2026-08-26T06:00:00Z
F00419,P0524,D02,IN,2026-08-25,2026-08-26T06:00:00Z
F00420,P0525,D05,IN,2026-08-25,2026-08-26T06:00:00Z
F00421,P0526,D03,US,2026-08-25,2026-08-26T06:00:00Z
F00422,P0527,D03,IN,2026-08-25,2026-08-26T06:00:00Z
F00423,P0528,D05,UK,2026-08-25,2026-08-26T06:00:00Z
F00424,P0529,D05,UK,2026-08-25,2026-08-26T06:00:00Z
F00425,P0532,D04,US,2026-08-25,2026-08-26T06:00:00Z
F00426,P0533,D03,UK,2026-08-25,2026-08-26T06:00:00Z
F00427,P0534,D02,US,2026-08-25,2026-08-26T06:00:00Z
F00428,P0535,D05,US,2026-08-25,2026-08-26T06:00:00Z
F00429,P0536,D01,UK,2026-08-25,2026-08-26T06:00:00Z
F00430,P0537,D01,IN,2026-08-25,2026-08-26T06:00:00Z
F00431,P0538,D05,IN,2026-08-25,2026-08-26T06:00:00Z
F00432,P0539,D05,UK,2026-08-25,2026-08-26T06:00:00Z
F00433,P0541,D03,IN,2026-08-25,2026-08-26T06:00:00Z
F00434,P0542,D05,IN,2026-08-25,2026-08-26T06:00:00Z
F00435,P0543,D02,US,2026-08-25,2026-08-26T06:00:00Z
F00436,P0544,D01,IN,2026-08-25,2026-08-26T06:00:00Z
F00437,P0545,D03,US,2026-08-25,2026-08-26T06:00:00Z
F00438,P0546,D05,IN,2026-08-25,2026-08-26T06:00:00Z
F00439,P0547,D04,IN,2026-08-25,2026-08-26T06:00:00Z
F00440,P0548,D02,UK,2026-08-25,2026-08-26T06:00:00Z
F00441,P0549,D03,US,2026-08-25,2026-08-26T06:00:00Z
F00442,P0551,D05,IN,2026-08-25,2026-08-26T06:00:00Z
F00443,P0552,D03,IN,2026-08-25,2026-08-26T06:00:00Z
F00444,P0553,D05,US,2026-08-25,2026-08-26T06:00:00Z
F00445,P0554,D01,US,2026-08-25,2026-08-26T06:00:00Z
F00446,P0555,D02,UK,2026-08-25,2026-08-26T06:00:00Z
F00447,P0556,D03,US,2026-08-25,2026-08-26T06:00:00Z
F00448,P0557,D01,UK,2026-08-25,2026-08-26T06:00:00Z
F00449,P0559,D04,US,2026-08-25,2026-08-26T06:00:00Z
F00450,P0561,D03,IN,2026-08-25,2026-08-26T06:00:00Z
F00451,P0562,D01,UK,2026-08-25,2026-08-26T06:00:00Z
F00452,P0563,D04,US,2026-08-25,2026-08-26T06:00:00Z
F00453,P0564,D03,US,2026-08-25,2026-08-26T06:00:00Z
F00454,P0565,D05,UK,2026-08-25,2026-08-26T06:00:00Z
F00455,P0566,D04,IN,2026-08-25,2026-08-26T06:00:00Z
F00456,P0568,D02,UK,2026-08-25,2026-08-26T06:00:00Z
F00457,P0569,D04,IN,2026-08-25,2026-08-26T06:00:00Z
F00458,P0571,D01,UK,2026-08-25,2026-08-26T06:00:00Z
F00459,P0572,D05,UK,2026-08-25,2026-08-26T06:00:00Z
F00460,P0573,D01,IN,2026-08-25,2026-08-26T06:00:00Z
F00461,P0574,D04,UK,2026-08-25,2026-08-26T06:00:00Z
F00462,P0575,D02,UK,2026-08-25,2026-08-26T06:00:00Z
F00463,P0577,D02,IN,2026-08-25,2026-08-26T06:00:00Z
F00464,P0578,D03,UK,2026-08-25,2026-08-26T06:00:00Z
F00465,P0579,D02,IN,2026-08-25,2026-08-26T06:00:00Z
F00466,P0581,D03,US,2026-08-25,2026-08-26T06:00:00Z
F00467,P0582,D01,US,2026-08-25,2026-08-26T06:00:00Z
F00468,P0583,D04,IN,2026-08-25,2026-08-26T06:00:00Z
F00469,P0584,D05,IN,2026-08-25,2026-08-26T06:00:00Z
F00470,P0586,D01,UK,2026-08-25,2026-08-26T06:00:00Z
F00471,P0587,D03,UK,2026-08-25,2026-08-26T06:00:00Z
F00472,P0588,D01,UK,2026-08-25,2026-08-26T06:00:00Z
F00473,P0589,D05,UK,2026-08-25,2026-08-26T06:00:00Z
F00474,P0591,D01,US,2026-08-25,2026-08-26T06:00:00Z
F00475,P0592,D01,UK,2026-08-25,2026-08-26T06:00:00Z
F00476,P0593,D05,US,2026-08-25,2026-08-26T06:00:00Z
F00477,P0595,D02,IN,2026-08-25,2026-08-26T06:00:00Z
F00478,P0596,D02,IN,2026-08-25,2026-08-26T06:00:00Z
F00479,P0597,D04,IN,2026-08-25,2026-08-26T06:00:00Z
F00480,P0598,D01,US,2026-08-25,2026-08-26T06:00:00Z
F00481,P0599,D03,US,2026-08-25,2026-08-26T06:00:00Z
F00482,P0601,D01,US,2026-08-25,2026-08-26T06:00:00Z
F00483,P0602,D05,IN,2026-08-25,2026-08-26T06:00:00Z
F00484,P0604,D03,UK,2026-08-25,2026-08-26T06:00:00Z
F00485,P0605,D04,UK,2026-08-25,2026-08-26T06:00:00Z
F00486,P0606,D05,UK,2026-08-25,2026-08-26T06:00:00Z
F00487,P0607,D03,IN,2026-08-25,2026-08-26T06:00:00Z
F00488,P0608,D01,UK,2026-08-25,2026-08-26T06:00:00Z
F00489,P0609,D05,IN,2026-08-25,2026-08-26T06:00:00Z
F00490,P0611,D03,US,2026-08-25,2026-08-26T06:00:00Z
F00491,P0613,D04,IN,2026-08-25,2026-08-26T06:00:00Z
F00492,P0614,D01,IN,2026-08-25,2026-08-26T06:00:00Z
F00493,P0615,D04,IN,2026-08-25,2026-08-26T06:00:00Z
F00494,P0616,D03,UK,2026-08-25,2026-08-26T06:00:00Z
F00495,P0617,D05,IN,2026-08-25,2026-08-26T06:00:00Z
F00496,P0618,D04,IN,2026-08-25,2026-08-26T06:00:00Z
F00497,P0619,D01,UK,2026-08-25,2026-08-26T06:00:00Z
F00498,P0622,D02,US,2026-08-25,2026-08-26T06:00:00Z
F00499,P0623,D04,US,2026-08-25,2026-08-26T06:00:00Z
F00500,P0624,D05,US,2026-08-25,2026-08-26T06:00:00Z
F00501,P0625,D05,IN,2026-08-25,2026-08-26T06:00:00Z
F00502,P0626,D03,IN,2026-08-25,2026-08-26T06:00:00Z
F00503,P0627,D02,IN,2026-08-25,2026-08-26T06:00:00Z
F00504,P0628,D02,UK,2026-08-25,2026-08-26T06:00:00Z
F00505,P0629,D05,US,2026-08-25,2026-08-26T06:00:00Z
F00506,P0631,D03,UK,2026-08-25,2026-08-26T06:00:00Z
F00507,P0632,D02,IN,2026-08-25,2026-08-26T06:00:00Z
F00508,P0633,D05,UK,2026-08-25,2026-08-26T06:00:00Z
F00509,P0634,D04,IN,2026-08-25,2026-08-26T06:00:00Z
F00510,P0635,D02,IN,2026-08-25,2026-08-26T06:00:00Z
F00511,P0636,D02,UK,2026-08-25,2026-08-26T06:00:00Z
F00512,P0637,D01,IN,2026-08-25,2026-08-26T06:00:00Z
F00513,P0638,D03,UK,2026-08-25,2026-08-26T06:00:00Z
F00514,P0641,D02,IN,2026-08-25,2026-08-26T06:00:00Z
F00515,P0642,D01,UK,2026-08-25,2026-08-26T06:00:00Z
F00516,P0643,D03,UK,2026-08-25,2026-08-26T06:00:00Z
F00517,P0644,D01,US,2026-08-25,2026-08-26T06:00:00Z
F00518,P0645,D03,US,2026-08-25,2026-08-26T06:00:00Z
F00519,P0646,D03,US,2026-08-25,2026-08-26T06:00:00Z
F00520,P0647,D02,IN,2026-08-25,2026-08-26T06:00:00Z
F00521,P0648,D02,US,2026-08-25,2026-08-26T06:00:00Z
F00522,P0649,D03,UK,2026-08-25,2026-08-26T06:00:00Z
F00523,P0651,D01,UK,2026-08-25,2026-08-26T06:00:00Z
F00524,P0652,D04,US,2026-08-25,2026-08-26T06:00:00Z
F00525,P0653,D02,UK,2026-08-25,2026-08-26T06:00:00Z
F00526,P0654,D01,UK,2026-08-25,2026-08-26T06:00:00Z
F00527,P0655,D03,IN,2026-08-25,2026-08-26T06:00:00Z
F00528,P0656,D02,US,2026-08-25,2026-08-26T06:00:00Z
F00529,P0658,D05,IN,2026-08-25,2026-08-26T06:00:00Z
F00530,P0659,D01,IN,2026-08-25,2026-08-26T06:00:00Z
F00531,P0661,D02,US,2026-08-25,2026-08-26T06:00:00Z
F00532,P0662,D05,IN,2026-08-25,2026-08-26T06:00:00Z
F00533,P0663,D01,UK,2026-08-25,2026-08-26T06:00:00Z
F00534,P0664,D02,UK,2026-08-25,2026-08-26T06:00:00Z
F00535,P0665,D02,US,2026-08-25,2026-08-26T06:00:00Z
F00536,P0667,D01,US,2026-08-25,2026-08-26T06:00:00Z
F00537,P0668,D05,UK,2026-08-25,2026-08-26T06:00:00Z
F00538,P0669,D05,US,2026-08-25,2026-08-26T06:00:00Z
F00539,P0671,D01,UK,2026-08-25,2026-08-26T06:00:00Z
F00540,P0672,D03,UK,2026-08-25,2026-08-26T06:00:00Z
F00541,P0673,D02,UK,2026-08-25,2026-08-26T06:00:00Z
F00542,P0674,D01,IN,2026-08-25,2026-08-26T06:00:00Z
F00543,P0676,D05,IN,2026-08-25,2026-08-26T06:00:00Z
F00544,P0677,D04,US,2026-08-25,2026-08-26T06:00:00Z
F00545,P0678,D01,UK,2026-08-25,2026-08-26T06:00:00Z
F00546,P0679,D04,UK,2026-08-25,2026-08-26T06:00:00Z
F00547,P0681,D03,US,2026-08-25,2026-08-26T06:00:00Z
F00548,P0682,D01,IN,2026-08-25,2026-08-26T06:00:00Z
F00549,P0683,D03,IN,2026-08-25,2026-08-26T06:00:00Z
F00550,P0685,D02,IN,2026-08-25,2026-08-26T06:00:00Z
F00551,P0686,D05,IN,2026-08-25,2026-08-26T06:00:00Z
F00552,P0687,D02,UK,2026-08-25,2026-08-26T06:00:00Z
F00553,P0688,D01,US,2026-08-25,2026-08-26T06:00:00Z
F00554,P0689,D01,UK,2026-08-25,2026-08-26T06:00:00Z
F00555,P0691,D01,US,2026-08-25,2026-08-26T06:00:00Z
F00556,P0692,D05,UK,2026-08-25,2026-08-26T06:00:00Z
F00557,P0694,D02,IN,2026-08-25,2026-08-26T06:00:00Z
F00558,P0695,D01,UK,2026-08-25,2026-08-26T06:00:00Z
F00559,P0696,D03,IN,2026-08-25,2026-08-26T06:00:00Z
F00560,P0697,D03,US,2026-08-25,2026-08-26T06:00:00Z
F00561,P0698,D04,UK,2026-08-25,2026-08-26T06:00:00Z
F00562,P0699,D03,UK,2026-08-25,2026-08-26T06:00:00Z
F00563,P0701,D03,UK,2026-08-25,2026-08-26T06:00:00Z
F00564,P0702,D01,UK,2026-08-25,2026-08-26T06:00:00Z
F00565,P0703,D01,UK,2026-08-25,2026-08-26T06:00:00Z
F00566,P0704,D02,IN,2026-08-25,2026-08-26T06:00:00Z
F00567,P0705,D03,UK,2026-08-25,2026-08-26T06:00:00Z
F00568,P0706,D03,US,2026-08-25,2026-08-26T06:00:00Z
F00569,P0707,D04,UK,2026-08-25,2026-08-26T06:00:00Z
F00570,P0708,D04,IN,2026-08-25,2026-08-26T06:00:00Z
F00571,P0709,D04,IN,2026-08-25,2026-08-26T06:00:00Z
F00572,P0712,D01,IN,2026-08-25,2026-08-26T06:00:00Z
F00573,P0713,D04,IN,2026-08-25,2026-08-26T06:00:00Z
F00574,P0714,D03,IN,2026-08-25,2026-08-26T06:00:00Z
F00575,P0715,D02,US,2026-08-25,2026-08-26T06:00:00Z
F00576,P0716,D04,IN,2026-08-25,2026-08-26T06:00:00Z
F00577,P0717,D01,US,2026-08-25,2026-08-26T06:00:00Z
F00578,P0718,D03,IN,2026-08-25,2026-08-26T06:00:00Z
F00579,P0719,D05,UK,2026-08-25,2026-08-26T06:00:00Z
F00580,P0721,D04,UK,2026-08-25,2026-08-26T06:00:00Z
F00581,P0722,D05,US,2026-08-25,2026-08-26T06:00:00Z
F00582,P0723,D03,IN,2026-08-25,2026-08-26T06:00:00Z
F00583,P0724,D03,UK,2026-08-25,2026-08-26T06:00:00Z
F00584,P0725,D01,US,2026-08-25,2026-08-26T06:00:00Z
F00585,P0726,D04,US,2026-08-25,2026-08-26T06:00:00Z
F00586,P0727,D05,UK,2026-08-25,2026-08-26T06:00:00Z
F00587,P0728,D04,UK,2026-08-25,2026-08-26T06:00:00Z
F00588,P0731,D02,US,2026-08-25,2026-08-26T06:00:00Z
F00589,P0732,D04,US,2026-08-25,2026-08-26T06:00:00Z
F00590,P0733,D04,IN,2026-08-25,2026-08-26T06:00:00Z
F00591,P0734,D03,IN,2026-08-25,2026-08-26T06:00:00Z
F00592,P0735,D02,UK,2026-08-25,2026-08-26T06:00:00Z
F00593,P0736,D03,IN,2026-08-25,2026-08-26T06:00:00Z
F00594,P0737,D02,UK,2026-08-25,2026-08-26T06:00:00Z
F00595,P0739,D02,US,2026-08-25,2026-08-26T06:00:00Z
F00596,P0741,D01,UK,2026-08-25,2026-08-26T06:00:00Z
F00597,P0742,D01,IN,2026-08-25,2026-08-26T06:00:00Z
F00598,P0743,D05,UK,2026-08-25,2026-08-26T06:00:00Z
F00599,P0744,D01,IN,2026-08-25,2026-08-26T06:00:00Z
F00600,P0745,D04,UK,2026-08-25,2026-08-26T06:00:00Z
F00601,P0746,D04,IN,2026-08-25,2026-08-26T06:00:00Z
F00602,P0748,D03,US,2026-08-25,2026-08-26T06:00:00Z
F00603,P0749,D05,US,2026-08-25,2026-08-26T06:00:00Z
F00604,P0751,D05,US,2026-08-25,2026-08-26T06:00:00Z
F00605,P0752,D02,IN,2026-08-25,2026-08-26T06:00:00Z
F00606,P0753,D04,US,2026-08-25,2026-08-26T06:00:00Z
F00607,P0754,D01,US,2026-08-25,2026-08-26T06:00:00Z
F00608,P0755,D03,US,2026-08-25,2026-08-26T06:00:00Z
F00609,P0757,D03,IN,2026-08-25,2026-08-26T06:00:00Z
F00610,P0758,D03,US,2026-08-25,2026-08-26T06:00:00Z
F00611,P0759,D05,IN,2026-08-25,2026-08-26T06:00:00Z
F00612,P0761,D01,IN,2026-08-25,2026-08-26T06:00:00Z
F00613,P0762,D02,IN,2026-08-25,2026-08-26T06:00:00Z
F00614,P0763,D03,IN,2026-08-25,2026-08-26T06:00:00Z
F00615,P0764,D05,IN,2026-08-25,2026-08-26T06:00:00Z
F00616,P0766,D01,US,2026-08-25,2026-08-26T06:00:00Z
F00617,P0767,D05,IN,2026-08-25,2026-08-26T06:00:00Z
F00618,P0768,D02,IN,2026-08-25,2026-08-26T06:00:00Z
F00619,P0769,D04,IN,2026-08-25,2026-08-26T06:00:00Z
F00620,P0771,D05,IN,2026-08-25,2026-08-26T06:00:00Z
F00621,P0772,D03,IN,2026-08-25,2026-08-26T06:00:00Z
F00622,P0773,D04,US,2026-08-25,2026-08-26T06:00:00Z
F00623,P0775,D04,UK,2026-08-25,2026-08-26T06:00:00Z
F00624,P0776,D02,UK,2026-08-25,2026-08-26T06:00:00Z
F00625,P0777,D03,IN,2026-08-25,2026-08-26T06:00:00Z
F00626,P0778,D03,IN,2026-08-25,2026-08-26T06:00:00Z
F00627,P0779,D04,UK,2026-08-25,2026-08-26T06:00:00Z
F00628,P0781,D03,US,2026-08-25,2026-08-26T06:00:00Z
F00629,P0782,D01,UK,2026-08-25,2026-08-26T06:00:00Z
F00630,P0784,D04,US,2026-08-25,2026-08-26T06:00:00Z
F00631,P0785,D05,UK,2026-08-25,2026-08-26T06:00:00Z
F00632,P0786,D02,US,2026-08-25,2026-08-26T06:00:00Z
F00633,P0787,D05,UK,2026-08-25,2026-08-26T06:00:00Z
F00634,P0788,D02,UK,2026-08-25,2026-08-26T06:00:00Z
F00635,P0789,D04,US,2026-08-25,2026-08-26T06:00:00Z
F00636,P0791,D05,UK,2026-08-25,2026-08-26T06:00:00Z
F00637,P0793,D02,US,2026-08-25,2026-08-26T06:00:00Z
F00638,P0794,D01,UK,2026-08-25,2026-08-26T06:00:00Z
F00639,P0795,D04,UK,2026-08-25,2026-08-26T06:00:00Z
F00640,P0796,D04,IN,2026-08-25,2026-08-26T06:00:00Z
F00641,P0797,D01,IN,2026-08-25,2026-08-26T06:00:00Z
F00642,P0798,D05,US,2026-08-25,2026-08-26T06:00:00Z
F00643,P0799,D03,UK,2026-08-25,2026-08-26T06:00:00Z
F00644,P0802,D03,US,2026-08-25,2026-08-26T06:00:00Z
F00645,P0803,D01,UK,2026-08-25,2026-08-26T06:00:00Z
F00646,P0804,D04,IN,2026-08-25,2026-08-26T06:00:00Z
F00647,P0805,D04,IN,2026-08-25,2026-08-26T06:00:00Z
F00648,P0806,D05,IN,2026-08-25,2026-08-26T06:00:00Z
F00649,P0807,D01,US,2026-08-25,2026-08-26T06:00:00Z
F00650,P0808,D03,UK,2026-08-25,2026-08-26T06:00:00Z
F00651,P0809,D02,UK,2026-08-25,2026-08-26T06:00:00Z
F00652,P0811,D01,US,2026-08-25,2026-08-26T06:00:00Z
F00653,P0812,D04,IN,2026-08-25,2026-08-26T06:00:00Z
F00654,P0813,D05,UK,2026-08-25,2026-08-26T06:00:00Z
F00655,P0814,D05,US,2026-08-25,2026-08-26T06:00:00Z
F00656,P0815,D02,IN,2026-08-25,2026-08-26T06:00:00Z
F00657,P0816,D03,IN,2026-08-25,2026-08-26T06:00:00Z
F00658,P0817,D05,UK,2026-08-25,2026-08-26T06:00:00Z
F00659,P0818,D05,UK,2026-08-25,2026-08-26T06:00:00Z
F00660,P0821,D01,UK,2026-08-25,2026-08-26T06:00:00Z
F00661,P0822,D01,UK,2026-08-25,2026-08-26T06:00:00Z
F00662,P0823,D03,IN,2026-08-25,2026-08-26T06:00:00Z
F00663,P0824,D01,IN,2026-08-25,2026-08-26T06:00:00Z
F00664,P0825,D03,UK,2026-08-25,2026-08-26T06:00:00Z
F00665,P0826,D01,IN,2026-08-25,2026-08-26T06:00:00Z
F00666,P0827,D01,US,2026-08-25,2026-08-26T06:00:00Z
F00667,P0829,D05,IN,2026-08-25,2026-08-26T06:00:00Z
F00668,P0831,D02,IN,2026-08-25,2026-08-26T06:00:00Z
F00669,P0832,D01,IN,2026-08-25,2026-08-26T06:00:00Z
F00670,P0833,D05,US,2026-08-25,2026-08-26T06:00:00Z
F00671,P0834,D02,UK,2026-08-25,2026-08-26T06:00:00Z
F00672,P0835,D02,IN,2026-08-25,2026-08-26T06:00:00Z
F00673,P0836,D05,IN,2026-08-25,2026-08-26T06:00:00Z
F00674,P0837,D01,IN,2026-08-25,2026-08-26T06:00:00Z
F00675,P0838,D05,US,2026-08-25,2026-08-26T06:00:00Z
F00676,P0839,D03,IN,2026-08-25,2026-08-26T06:00:00Z
F00677,P0841,D02,UK,2026-08-25,2026-08-26T06:00:00Z
F00678,P0842,D03,IN,2026-08-25,2026-08-26T06:00:00Z
F00679,P0843,D03,UK,2026-08-25,2026-08-26T06:00:00Z
F00680,P0844,D02,UK,2026-08-25,2026-08-26T06:00:00Z
F00681,P0845,D03,US,2026-08-25,2026-08-26T06:00:00Z
F00682,P0847,D03,UK,2026-08-25,2026-08-26T06:00:00Z
F00683,P0848,D04,IN,2026-08-25,2026-08-26T06:00:00Z
F00684,P0849,D03,UK,2026-08-25,2026-08-26T06:00:00Z
F00685,P0851,D05,US,2026-08-25,2026-08-26T06:00:00Z
F00686,P0852,D04,IN,2026-08-25,2026-08-26T06:00:00Z
F00687,P0853,D03,UK,2026-08-25,2026-08-26T06:00:00Z
F00688,P0854,D04,US,2026-08-25,2026-08-26T06:00:00Z
F00689,P0856,D03,UK,2026-08-25,2026-08-26T06:00:00Z
F00690,P0857,D02,UK,2026-08-25,2026-08-26T06:00:00Z
F00691,P0858,D03,IN,2026-08-25,2026-08-26T06:00:00Z
F00692,P0859,D03,IN,2026-08-25,2026-08-26T06:00:00Z
F00693,P0861,D03,IN,2026-08-25,2026-08-26T06:00:00Z
F00694,P0862,D05,US,2026-08-25,2026-08-26T06:00:00Z
F00695,P0863,D02,IN,2026-08-25,2026-08-26T06:00:00Z
F00696,P0865,D01,UK,2026-08-25,2026-08-26T06:00:00Z
F00697,P0866,D01,US,2026-08-25,2026-08-26T06:00:00Z
F00698,P0867,D02,IN,2026-08-25,2026-08-26T06:00:00Z
F00699,P0868,D05,IN,2026-08-25,2026-08-26T06:00:00Z
F00700,P0869,D02,IN,2026-08-25,2026-08-26T06:00:00Z
F00701,P0871,D01,IN,2026-08-25,2026-08-26T06:00:00Z
F00702,P0872,D05,US,2026-08-25,2026-08-26T06:00:00Z
F00703,P0874,D01,US,2026-08-25,2026-08-26T06:00:00Z
F00704,P0875,D05,UK,2026-08-25,2026-08-26T06:00:00Z
F00705,P0876,D03,IN,2026-08-25,2026-08-26T06:00:00Z
F00706,P0877,D01,US,2026-08-25,2026-08-26T06:00:00Z
F00707,P0878,D05,IN,2026-08-25,2026-08-26T06:00:00Z
F00708,P0879,D03,UK,2026-08-25,2026-08-26T06:00:00Z
F00709,P0881,D02,UK,2026-08-25,2026-08-26T06:00:00Z
F00710,P0882,D04,UK,2026-08-25,2026-08-26T06:00:00Z
F00711,P0883,D03,US,2026-08-25,2026-08-26T06:00:00Z
F00712,P0884,D04,IN,2026-08-25,2026-08-26T06:00:00Z
F00713,P0885,D02,UK,2026-08-25,2026-08-26T06:00:00Z
F00714,P0886,D03,IN,2026-08-25,2026-08-26T06:00:00Z
F00715,P0887,D05,UK,2026-08-25,2026-08-26T06:00:00Z
F00716,P0888,D02,US,2026-08-25,2026-08-26T06:00:00Z
F00717,P0889,D05,IN,2026-08-25,2026-08-26T06:00:00Z
F00718,P0892,D04,US,2026-08-25,2026-08-26T06:00:00Z
F00719,P0893,D01,US,2026-08-25,2026-08-26T06:00:00Z
F00720,P0894,D02,UK,2026-08-25,2026-08-26T06:00:00Z
F00721,P0895,D03,UK,2026-08-25,2026-08-26T06:00:00Z
F00722,P0896,D01,IN,2026-08-25,2026-08-26T06:00:00Z
F00723,P0897,D03,UK,2026-08-25,2026-08-26T06:00:00Z
F00724,P0898,D01,US,2026-08-25,2026-08-26T06:00:00Z
F00725,P0899,D04,US,2026-08-25,2026-08-26T06:00:00Z
F00726,P0901,D03,IN,2026-08-25,2026-08-26T06:00:00Z
F00727,P0902,D03,US,2026-08-25,2026-08-26T06:00:00Z
F00728,P0903,D03,IN,2026-08-25,2026-08-26T06:00:00Z
F00729,P0904,D04,US,2026-08-25,2026-08-26T06:00:00Z
F00730,P0905,D05,UK,2026-08-25,2026-08-26T06:00:00Z
F00731,P0906,D05,UK,2026-08-25,2026-08-26T06:00:00Z
F00732,P0907,D05,UK,2026-08-25,2026-08-26T06:00:00Z
F00733,P0908,D02,IN,2026-08-25,2026-08-26T06:00:00Z
F00734,P0911,D03,IN,2026-08-25,2026-08-26T06:00:00Z
F00735,P0912,D01,IN,2026-08-25,2026-08-26T06:00:00Z
F00736,P0913,D05,IN,2026-08-25,2026-08-26T06:00:00Z
F00737,P0914,D05,IN,2026-08-25,2026-08-26T06:00:00Z
F00738,P0915,D03,US,2026-08-25,2026-08-26T06:00:00Z
F00739,P0916,D04,IN,2026-08-25,2026-08-26T06:00:00Z
F00740,P0917,D03,IN,2026-08-25,2026-08-26T06:00:00Z
F00741,P0919,D04,US,2026-08-25,2026-08-26T06:00:00Z
F00742,P0921,D01,IN,2026-08-25,2026-08-26T06:00:00Z
F00743,P0922,D03,UK,2026-08-25,2026-08-26T06:00:00Z
F00744,P0923,D04,US,2026-08-25,2026-08-26T06:00:00Z
F00745,P0924,D03,US,2026-08-25,2026-08-26T06:00:00Z
F00746,P0925,D01,US,2026-08-25,2026-08-26T06:00:00Z
F00747,P0926,D01,UK,2026-08-25,2026-08-26T06:00:00Z
F00748,P0928,D04,UK,2026-08-25,2026-08-26T06:00:00Z
F00749,P0929,D04,US,2026-08-25,2026-08-26T06:00:00Z
F00750,P0931,D05,UK,2026-08-25,2026-08-26T06:00:00Z
F00751,P0932,D05,IN,2026-08-25,2026-08-26T06:00:00Z
F00752,P0933,D03,IN,2026-08-25,2026-08-26T06:00:00Z
F00753,P0934,D05,US,2026-08-25,2026-08-26T06:00:00Z
F00754,P0935,D02,IN,2026-08-25,2026-08-26T06:00:00Z
F00755,P0937,D05,UK,2026-08-25,2026-08-26T06:00:00Z
F00756,P0938,D05,IN,2026-08-25,2026-08-26T06:00:00Z
F00757,P0939,D02,US,2026-08-25,2026-08-26T06:00:00Z
F00758,P0941,D01,US,2026-08-25,2026-08-26T06:00:00Z
F00759,P0942,D04,IN,2026-08-25,2026-08-26T06:00:00Z
F00760,P0943,D02,US,2026-08-25,2026-08-26T06:00:00Z
F00761,P0944,D01,US,2026-08-25,2026-08-26T06:00:00Z
F00762,P0946,D01,IN,2026-08-25,2026-08-26T06:00:00Z
F00763,P0947,D01,IN,2026-08-25,2026-08-26T06:00:00Z
F00764,P0948,D02,UK,2026-08-25,2026-08-26T06:00:00Z
F00765,P0949,D01,US,2026-08-25,2026-08-26T06:00:00Z
F00766,P0951,D05,IN,2026-08-25,2026-08-26T06:00:00Z
F00767,P0952,D01,IN,2026-08-25,2026-08-26T06:00:00Z
F00768,P0953,D03,IN,2026-08-25,2026-08-26T06:00:00Z
F00769,P0955,D03,UK,2026-08-25,2026-08-26T06:00:00Z
F00770,P0956,D05,US,2026-08-25,2026-08-26T06:00:00Z
F00771,P0957,D02,IN,2026-08-25,2026-08-26T06:00:00Z
F00772,P0958,D04,IN,2026-08-25,2026-08-26T06:00:00Z
F00773,P0959,D02,UK,2026-08-25,2026-08-26T06:00:00Z
F00774,P0961,D03,IN,2026-08-25,2026-08-26T06:00:00Z
F00775,P0962,D04,UK,2026-08-25,2026-08-26T06:00:00Z
F00776,P0964,D04,IN,2026-08-25,2026-08-26T06:00:00Z
F00777,P0965,D03,US,2026-08-25,2026-08-26T06:00:00Z
F00778,P0966,D03,IN,2026-08-25,2026-08-26T06:00:00Z
F00779,P0967,D01,UK,2026-08-25,2026-08-26T06:00:00Z
F00780,P0968,D04,UK,2026-08-25,2026-08-26T06:00:00Z
F00781,P0969,D02,IN,2026-08-25,2026-08-26T06:00:00Z
F00782,P0971,D01,UK,2026-08-25,2026-08-26T06:00:00Z
F00783,P0972,D01,UK,2026-08-25,2026-08-26T06:00:00Z
F00784,P0973,D03,IN,2026-08-25,2026-08-26T06:00:00Z
F00785,P0974,D04,UK,2026-08-25,2026-08-26T06:00:00Z
F00786,P0975,D05,IN,2026-08-25,2026-08-26T06:00:00Z
F00787,P0976,D02,US,2026-08-25,2026-08-26T06:00:00Z
F00788,P0977,D05,IN,2026-08-25,2026-08-26T06:00:00Z
F00789,P0978,D02,UK,2026-08-25,2026-08-26T06:00:00Z
F00790,P0979,D03,UK,2026-08-25,2026-08-26T06:00:00Z
F00791,P0982,D02,UK,2026-08-25,2026-08-26T06:00:00Z
F00792,P0983,D02,IN,2026-08-25,2026-08-26T06:00:00Z
F00793,P0984,D05,US,2026-08-25,2026-08-26T06:00:00Z
F00794,P0985,D04,UK,2026-08-25,2026-08-26T06:00:00Z
F00795,P0986,D03,IN,2026-08-25,2026-08-26T06:00:00Z
F00796,P0987,D04,UK,2026-08-25,2026-08-26T06:00:00Z
F00797,P0988,D04,UK,2026-08-25,2026-08-26T06:00:00Z
F00798,P0989,D04,IN,2026-08-25,2026-08-26T06:00:00Z
F00799,P0991,D01,UK,2026-08-25,2026-08-26T06:00:00Z
F00800,P0992,D02,US,2026-08-25,2026-08-26T06:00:00Z
F00801,P0993,D05,UK,2026-08-25,2026-08-26T06:00:00Z
F00802,P0994,D01,IN,2026-08-25,2026-08-26T06:00:00Z
F00803,P0995,D03,UK,2026-08-25,2026-08-26T06:00:00Z
F00804,P0996,D03,US,2026-08-25,2026-08-26T06:00:00Z
F00805,P0997,D05,UK,2026-08-25,2026-08-26T06:00:00Z
F00806,P0998,D04,US,2026-08-25,2026-08-26T06:00:00Z
F00807,P1001,D04,US,2026-08-25,2026-08-26T06:00:00Z
F00808,P1002,D05,US,2026-08-25,2026-08-26T06:00:00Z
F00809,P1003,D05,US,2026-08-25,2026-08-26T06:00:00Z
F00810,P1004,D05,US,2026-08-25,2026-08-26T06:00:00Z
F00811,P1005,D01,US,2026-08-25,2026-08-26T06:00:00Z
F00812,P1006,D04,US,2026-08-25,2026-08-26T06:00:00Z
F00813,P1007,D02,IN,2026-08-25,2026-08-26T06:00:00Z
F00814,P1009,D03,UK,2026-08-25,2026-08-26T06:00:00Z
F00815,P1011,D04,UK,2026-08-25,2026-08-26T06:00:00Z
F00816,P1012,D05,US,2026-08-25,2026-08-26T06:00:00Z
F00817,P1013,D01,UK,2026-08-25,2026-08-26T06:00:00Z
F00818,P1014,D03,IN,2026-08-25,2026-08-26T06:00:00Z
F00819,P1015,D02,UK,2026-08-25,2026-08-26T06:00:00Z
F00820,P1016,D04,IN,2026-08-25,2026-08-26T06:00:00Z
F00821,P1018,D02,US,2026-08-25,2026-08-26T06:00:00Z
F00822,P1019,D05,IN,2026-08-25,2026-08-26T06:00:00Z
F00823,P1021,D01,UK,2026-08-25,2026-08-26T06:00:00Z
F00824,P1022,D05,UK,2026-08-25,2026-08-26T06:00:00Z
F00825,P1023,D02,US,2026-08-25,2026-08-26T06:00:00Z
F00826,P1024,D01,IN,2026-08-25,2026-08-26T06:00:00Z
F00827,P1025,D01,IN,2026-08-25,2026-08-26T06:00:00Z
F00828,P1027,D01,UK,2026-08-25,2026-08-26T06:00:00Z
F00829,P1028,D02,US,2026-08-25,2026-08-26T06:00:00Z
F00830,P1029,D05,UK,2026-08-25,2026-08-26T06:00:00Z
F00831,P1031,D05,US,2026-08-25,2026-08-26T06:00:00Z
F00832,P1032,D02,US,2026-08-25,2026-08-26T06:00:00Z
F00833,P1033,D05,IN,2026-08-25,2026-08-26T06:00:00Z
F00834,P1034,D01,UK,2026-08-25,2026-08-26T06:00:00Z
F00835,P1036,D01,IN,2026-08-25,2026-08-26T06:00:00Z
F00836,P1037,D02,US,2026-08-25,2026-08-26T06:00:00Z
F00837,P1038,D01,UK,2026-08-25,2026-08-26T06:00:00Z
F00838,P1039,D05,US,2026-08-25,2026-08-26T06:00:00Z
F00839,P1041,D03,US,2026-08-25,2026-08-26T06:00:00Z
F00840,P1042,D02,IN,2026-08-25,2026-08-26T06:00:00Z
F00841,P1043,D01,UK,2026-08-25,2026-08-26T06:00:00Z
F00842,P1045,D01,IN,2026-08-25,2026-08-26T06:00:00Z
F00843,P1046,D03,IN,2026-08-25,2026-08-26T06:00:00Z
F00844,P1047,D04,US,2026-08-25,2026-08-26T06:00:00Z
F00845,P1048,D03,US,2026-08-25,2026-08-26T06:00:00Z
F00846,P1049,D05,IN,2026-08-25,2026-08-26T06:00:00Z
F00847,P1051,D04,UK,2026-08-25,2026-08-26T06:00:00Z
F00848,P1052,D03,US,2026-08-25,2026-08-26T06:00:00Z
F00849,P1054,D04,IN,2026-08-25,2026-08-26T06:00:00Z
F00850,P1055,D03,IN,2026-08-25,2026-08-26T06:00:00Z
F00851,P1056,D01,US,2026-08-25,2026-08-26T06:00:00Z
F00852,P1057,D03,UK,2026-08-25,2026-08-26T06:00:00Z
F00853,P1058,D02,IN,2026-08-25,2026-08-26T06:00:00Z
F00854,P1059,D03,UK,2026-08-25,2026-08-26T06:00:00Z
F00855,P1061,D04,UK,2026-08-25,2026-08-26T06:00:00Z
F00856,P1063,D04,US,2026-08-25,2026-08-26T06:00:00Z
F00857,P1064,D01,IN,2026-08-25,2026-08-26T06:00:00Z
F00858,P1065,D01,UK,2026-08-25,2026-08-26T06:00:00Z
F00859,P1066,D03,US,2026-08-25,2026-08-26T06:00:00Z
F00860,P1067,D05,US,2026-08-25,2026-08-26T06:00:00Z
F00861,P1068,D04,UK,2026-08-25,2026-08-26T06:00:00Z
F00862,P1069,D04,UK,2026-08-25,2026-08-26T06:00:00Z
F00863,P1072,D04,IN,2026-08-25,2026-08-26T06:00:00Z
F00864,P1073,D03,US,2026-08-25,2026-08-26T06:00:00Z
F00865,P1074,D04,UK,2026-08-25,2026-08-26T06:00:00Z
F00866,P1075,D02,US,2026-08-25,2026-08-26T06:00:00Z
F00867,P1076,D04,UK,2026-08-25,2026-08-26T06:00:00Z
F00868,P1077,D01,UK,2026-08-25,2026-08-26T06:00:00Z
F00869,P1078,D03,UK,2026-08-25,2026-08-26T06:00:00Z
F00870,P1079,D04,IN,2026-08-25,2026-08-26T06:00:00Z
F00871,P1081,D01,UK,2026-08-25,2026-08-26T06:00:00Z
F00872,P1082,D03,UK,2026-08-25,2026-08-26T06:00:00Z
F00873,P1083,D04,IN,2026-08-25,2026-08-26T06:00:00Z
F00874,P1084,D04,UK,2026-08-25,2026-08-26T06:00:00Z
F00875,P1085,D01,UK,2026-08-25,2026-08-26T06:00:00Z
F00876,P1086,D03,UK,2026-08-25,2026-08-26T06:00:00Z
F00877,P1087,D02,IN,2026-08-25,2026-08-26T06:00:00Z
F00878,P1088,D02,UK,2026-08-25,2026-08-26T06:00:00Z
F00879,P1089,D03,UK,2026-08-25,2026-08-26T06:00:00Z
F00880,P1091,D02,IN,2026-08-25,2026-08-26T06:00:00Z
F00881,P1092,D04,UK,2026-08-25,2026-08-26T06:00:00Z
F00882,P1093,D03,UK,2026-08-25,2026-08-26T06:00:00Z
F00883,P1094,D02,IN,2026-08-25,2026-08-26T06:00:00Z
F00884,P1095,D02,IN,2026-08-25,2026-08-26T06:00:00Z
F00885,P1096,D01,IN,2026-08-25,2026-08-26T06:00:00Z
F00886,P1097,D04,IN,2026-08-25,2026-08-26T06:00:00Z
F00887,P1099,D02,IN,2026-08-25,2026-08-26T06:00:00Z
F00888,P1101,D03,IN,2026-08-25,2026-08-26T06:00:00Z
F00889,P1102,D02,UK,2026-08-25,2026-08-26T06:00:00Z
F00890,P1103,D04,UK,2026-08-25,2026-08-26T06:00:00Z
F00891,P1104,D05,UK,2026-08-25,2026-08-26T06:00:00Z
F00892,P1105,D04,IN,2026-08-25,2026-08-26T06:00:00Z
F00893,P1106,D05,IN,2026-08-25,2026-08-26T06:00:00Z
F00894,P1108,D01,IN,2026-08-25,2026-08-26T06:00:00Z
F00895,P1109,D03,US,2026-08-25,2026-08-26T06:00:00Z
F00896,P1111,D04,IN,2026-08-25,2026-08-26T06:00:00Z
F00897,P1112,D04,UK,2026-08-25,2026-08-26T06:00:00Z
F00898,P1113,D02,US,2026-08-25,2026-08-26T06:00:00Z
F00899,P1114,D05,US,2026-08-25,2026-08-26T06:00:00Z
F00900,P1115,D05,IN,2026-08-25,2026-08-26T06:00:00Z
F00901,P1117,D05,UK,2026-08-25,2026-08-26T06:00:00Z
F00902,P1118,D02,IN,2026-08-25,2026-08-26T06:00:00Z
F00903,P1119,D04,US,2026-08-25,2026-08-26T06:00:00Z
F00904,P1121,D01,US,2026-08-25,2026-08-26T06:00:00Z
F00905,P1122,D02,IN,2026-08-25,2026-08-26T06:00:00Z
F00906,P1123,D03,UK,2026-08-25,2026-08-26T06:00:00Z
F00907,P1124,D05,US,2026-08-25,2026-08-26T06:00:00Z
F00908,P1126,D04,IN,2026-08-25,2026-08-26T06:00:00Z
F00909,P1127,D04,US,2026-08-25,2026-08-26T06:00:00Z
F00910,P1128,D01,IN,2026-08-25,2026-08-26T06:00:00Z
F00911,P1129,D01,UK,2026-08-25,2026-08-26T06:00:00Z
F00912,P1131,D05,US,2026-08-25,2026-08-26T06:00:00Z
F00913,P1132,D05,UK,2026-08-25,2026-08-26T06:00:00Z
F00914,P1133,D02,UK,2026-08-25,2026-08-26T06:00:00Z
F00915,P1135,D04,IN,2026-08-25,2026-08-26T06:00:00Z
F00916,P1136,D05,US,2026-08-25,2026-08-26T06:00:00Z
F00917,P1137,D04,US,2026-08-25,2026-08-26T06:00:00Z
F00918,P1138,D04,UK,2026-08-25,2026-08-26T06:00:00Z
F00919,P1139,D02,IN,2026-08-25,2026-08-26T06:00:00Z
F00920,P1141,D01,US,2026-08-25,2026-08-26T06:00:00Z
F00921,P1142,D03,UK,2026-08-25,2026-08-26T06:00:00Z
F00922,P1144,D05,UK,2026-08-25,2026-08-26T06:00:00Z
F00923,P1145,D03,IN,2026-08-25,2026-08-26T06:00:00Z
F00924,P1146,D05,UK,2026-08-25,2026-08-26T06:00:00Z
F00925,P1147,D01,IN,2026-08-25,2026-08-26T06:00:00Z
F00926,P1148,D05,UK,2026-08-25,2026-08-26T06:00:00Z
F00927,P1149,D03,US,2026-08-25,2026-08-26T06:00:00Z
F00928,P1151,D02,IN,2026-08-25,2026-08-26T06:00:00Z
F00929,P1153,D03,US,2026-08-25,2026-08-26T06:00:00Z
F00930,P1154,D05,US,2026-08-25,2026-08-26T06:00:00Z
F00931,P1155,D01,UK,2026-08-25,2026-08-26T06:00:00Z
F00932,P1156,D04,IN,2026-08-25,2026-08-26T06:00:00Z
F00933,P1157,D04,US,2026-08-25,2026-08-26T06:00:00Z
F00934,P1158,D02,IN,2026-08-25,2026-08-26T06:00:00Z
F00935,P1159,D04,US,2026-08-25,2026-08-26T06:00:00Z
F00936,P1162,D02,UK,2026-08-25,2026-08-26T06:00:00Z
F00937,P1163,D02,US,2026-08-25,2026-08-26T06:00:00Z
F00938,P1164,D05,UK,2026-08-25,2026-08-26T06:00:00Z
F00939,P1165,D04,IN,2026-08-25,2026-08-26T06:00:00Z
F00940,P1166,D04,IN,2026-08-25,2026-08-26T06:00:00Z
F00941,P1167,D04,IN,2026-08-25,2026-08-26T06:00:00Z
F00942,P1168,D01,US,2026-08-25,2026-08-26T06:00:00Z
F00943,P1169,D03,US,2026-08-25,2026-08-26T06:00:00Z
F00944,P1171,D02,UK,2026-08-25,2026-08-26T06:00:00Z
F00945,P1172,D05,UK,2026-08-25,2026-08-26T06:00:00Z
F00946,P1173,D05,UK,2026-08-25,2026-08-26T06:00:00Z
F00947,P1174,D05,US,2026-08-25,2026-08-26T06:00:00Z
F00948,P1175,D05,UK,2026-08-25,2026-08-26T06:00:00Z
F00949,P1176,D01,UK,2026-08-25,2026-08-26T06:00:00Z
F00950,P1177,D04,US,2026-08-25,2026-08-26T06:00:00Z
F00951,P1178,D04,US,2026-08-25,2026-08-26T06:00:00Z
F00952,P1181,D04,US,2026-08-25,2026-08-26T06:00:00Z
F00953,P1182,D02,US,2026-08-25,2026-08-26T06:00:00Z
F00954,P1183,D01,IN,2026-08-25,2026-08-26T06:00:00Z
F00955,P1184,D05,UK,2026-08-25,2026-08-26T06:00:00Z
F00956,P1185,D02,UK,2026-08-25,2026-08-26T06:00:00Z
F00957,P1186,D02,US,2026-08-25,2026-08-26T06:00:00Z
F00958,P1187,D01,US,2026-08-25,2026-08-26T06:00:00Z
F00959,P1189,D02,IN,2026-08-25,2026-08-26T06:00:00Z
F00960,P1191,D03,IN,2026-08-25,2026-08-26T06:00:00Z
F00961,P1192,D01,IN,2026-08-25,2026-08-26T06:00:00Z
F00962,P1193,D01,UK,2026-08-25,2026-08-26T06:00:00Z
