assignment_id,person_id,department_id,region_id,valid_from,valid_to,extracted_at
A00001,P0001,D01,US,2024-01-01,2026-08-15,2026-09-01T06:00:00Z
A00002,P0001,D01,UK,2026-08-15,,2026-09-01T06:00:00Z
A00003,P0002,D02,US,2024-01-01,2026-08-15,2026-09-01T06:00:00Z
A00004,P0002,D02,UK,2026-08-15,,2026-09-01T06:00:00Z
A00005,P0003,D01,US,2024-01-01,2026-08-15,2026-09-01T06:00:00Z
A00006,P0003,D01,UK,2026-08-15,,2026-09-01T06:00:00Z
A00007,P0004,D05,US,2024-01-01,2026-08-15,2026-09-01T06:00:00Z
A00008,P0004,D05,UK,2026-08-15,,2026-09-01T06:00:00Z
A00009,P0005,D04,US,2024-01-01,2026-08-15,2026-09-01T06:00:00Z
A00010,P0005,D04,UK,2026-08-15,,2026-09-01T06:00:00Z
A00011,P0006,D01,US,2024-01-01,2026-08-15,2026-09-01T06:00:00Z
A00012,P0006,D01,UK,2026-08-15,,2026-09-01T06:00:00Z
A00013,P0007,D05,US,2024-01-01,2026-08-15,2026-09-01T06:00:00Z
A00014,P0007,D05,UK,2026-08-15,,2026-09-01T06:00:00Z
A00015,P0008,D05,US,2024-01-01,2026-08-15,2026-09-01T06:00:00Z
A00016,P0008,D05,UK,2026-08-15,,2026-09-01T06:00:00Z
A00017,P0009,D04,US,2024-01-01,2026-08-15,2026-09-01T06:00:00Z
A00018,P0009,D04,UK,2026-08-15,,2026-09-01T06:00:00Z
A00019,P0010,D01,US,2024-01-01,2026-08-15,2026-09-01T06:00:00Z
A00020,P0010,D01,UK,2026-08-15,,2026-09-01T06:00:00Z
A00021,P0011,D04,US,2024-01-01,2026-08-15,2026-09-01T06:00:00Z
A00022,P0011,D04,UK,2026-08-15,,2026-09-01T06:00:00Z
A00023,P0012,D02,US,2024-01-01,2026-08-15,2026-09-01T06:00:00Z
A00024,P0012,D02,UK,2026-08-15,,2026-09-01T06:00:00Z
A00025,P0013,D01,US,2024-01-01,2026-08-15,2026-09-01T06:00:00Z
A00026,P0013,D01,UK,2026-08-15,,2026-09-01T06:00:00Z
A00027,P0014,D01,US,2024-01-01,2026-08-15,2026-09-01T06:00:00Z
A00028,P0014,D01,UK,2026-08-15,,2026-09-01T06:00:00Z
A00029,P0015,D05,US,2024-01-01,2026-08-15,2026-09-01T06:00:00Z
A00030,P0015,D05,UK,2026-08-15,,2026-09-01T06:00:00Z
A00031,P0016,D04,US,2024-01-01,2026-08-15,2026-09-01T06:00:00Z
A00032,P0016,D04,UK,2026-08-15,,2026-09-01T06:00:00Z
A00033,P0017,D04,US,2024-01-01,2026-08-15,2026-09-01T06:00:00Z
A00034,P0017,D04,UK,2026-08-15,,2026-09-01T06:00:00Z
A00035,P0018,D05,US,2024-01-01,2026-08-15,2026-09-01T06:00:00Z
A00036,P0018,D05,UK,2026-08-15,,2026-09-01T06:00:00Z
A00037,P0019,D05,US,2024-01-01,2026-08-15,2026-09-01T06:00:00Z
A00038,P0019,D05,UK,2026-08-15,,2026-09-01T06:00:00Z
A00039,P0020,D01,US,2024-01-01,2026-08-15,2026-09-01T06:00:00Z
A00040,P0020,D01,UK,2026-08-15,,2026-09-01T06:00:00Z
A00041,P0021,D02,UK,2026-08-20,,2026-09-01T06:00:00Z
A00042,P0022,D01,UK,2026-08-20,,2026-09-01T06:00:00Z
A00043,P0023,D01,UK,2026-08-20,,2026-09-01T06:00:00Z
A00044,P0024,D04,UK,2026-08-20,,2026-09-01T06:00:00Z
A00045,P0025,D02,UK,2026-08-20,,2026-09-01T06:00:00Z
A00046,P0026,D02,UK,2026-08-20,,2026-09-01T06:00:00Z
A00047,P0027,D01,UK,2026-08-20,,2026-09-01T06:00:00Z
A00048,P0028,D02,UK,2026-08-20,,2026-09-01T06:00:00Z
A00049,P0029,D02,UK,2026-08-20,,2026-09-01T06:00:00Z
A00050,P0030,D04,UK,2026-08-20,,2026-09-01T06:00:00Z
A00051,P0031,D05,UK,2024-01-01,2026-08-20,2026-09-01T06:00:00Z
A00052,P0032,D03,UK,2024-01-01,2026-08-20,2026-09-01T06:00:00Z
A00053,P0033,D02,UK,2024-01-01,2026-08-20,2026-09-01T06:00:00Z
A00054,P0034,D03,UK,2024-01-01,2026-08-20,2026-09-01T06:00:00Z
A00055,P0035,D01,UK,2024-01-01,2024-03-31,2026-09-01T06:00:00Z
A00056,P0035,D02,UK,2024-03-31,2026-08-20,2026-09-01T06:00:00Z
A00057,P0036,D04,UK,2024-01-01,2026-08-20,2026-09-01T06:00:00Z
A00058,P0037,D04,UK,2024-01-01,2026-08-20,2026-09-01T06:00:00Z
A00059,P0038,D02,UK,2024-01-01,2026-08-20,2026-09-01T06:00:00Z
A00060,P0039,D05,UK,2024-01-01,2026-08-20,2026-09-01T06:00:00Z
A00061,P0040,,UK,2024-01-01,2026-08-20,2026-09-01T06:00:00Z
A00062,P0041,,IN,2026-08-28,,2026-09-01T06:00:00Z
A00063,P0042,,US,2024-01-01,2024-03-31,2026-09-01T06:00:00Z
A00064,P0042,,US,2024-03-31,2026-08-28,2026-09-01T06:00:00Z
A00065,P0043,,UK,2024-06-05,,2026-09-01T06:00:00Z
A00066,P0044,D01,US,2025-02-12,,2026-09-01T06:00:00Z
A00067,P0045,D04,IN,2023-06-06,2024-01-15,2026-09-01T06:00:00Z
A00068,P0046,D04,US,2024-09-02,,2026-09-01T06:00:00Z
A00069,P0047,D04,IN,2024-01-26,,2026-09-01T06:00:00Z
A00070,P0048,D05,UK,2024-06-25,,2026-09-01T06:00:00Z
A00071,P0049,D01,ZZ,2025-05-31,2025-08-29,2026-09-01T06:00:00Z
A00072,P0049,D02,US,2025-08-29,,2026-09-01T06:00:00Z
A00073,P0050,D03,IN,2024-11-29,,2026-09-01T06:00:00Z
A00074,P0051,D03,IN,2025-02-26,,2026-09-01T06:00:00Z
A00075,P0052,D04,UK,2023-04-25,,2026-09-01T06:00:00Z
A00076,P0053,D01,UK,2023-06-11,,2026-09-01T06:00:00Z
A00077,P0054,D02,IN,2025-09-03,2026-07-29,2026-09-01T06:00:00Z
A00078,P0055,D03,US,2024-06-03,,2026-09-01T06:00:00Z
A00079,P0056,D05,IN,2025-05-11,2025-08-09,2026-09-01T06:00:00Z
A00080,P0056,D01,IN,2025-08-09,,2026-09-01T06:00:00Z
A00081,P0057,D02,US,2024-09-15,,2026-09-01T06:00:00Z
A00082,P0058,D05,US,2024-01-18,,2026-09-01T06:00:00Z
A00083,P0059,D01,IN,2025-09-03,,2026-09-01T06:00:00Z
A00084,P0060,D04,UK,2024-09-05,,2026-09-01T06:00:00Z
A00085,P0061,D03,US,2023-01-20,,2026-09-01T06:00:00Z
A00086,P0062,D02,UK,2025-06-18,,2026-09-01T06:00:00Z
A00087,P0063,D01,IN,2023-03-01,2023-05-30,2026-09-01T06:00:00Z
A00088,P0063,D02,IN,2023-05-30,2024-01-01,2026-09-01T06:00:00Z
A00089,P0064,D04,IN,2023-03-29,,2026-09-01T06:00:00Z
A00090,P0065,D05,US,2025-04-15,,2026-09-01T06:00:00Z
A00091,P0066,D02,US,2025-02-23,,2026-09-01T06:00:00Z
A00092,P0067,D05,UK,2024-11-06,,2026-09-01T06:00:00Z
A00093,P0068,D05,UK,2023-06-19,,2026-09-01T06:00:00Z
A00094,P0069,D04,IN,2025-06-12,,2026-09-01T06:00:00Z
A00095,P0070,D05,US,2025-09-14,2025-12-13,2026-09-01T06:00:00Z
A00096,P0070,D01,US,2025-12-13,,2026-09-01T06:00:00Z
A00097,P0071,D02,IN,2025-02-12,,2026-09-01T06:00:00Z
A00098,P0072,D03,UK,2024-12-31,2026-01-14,2026-09-01T06:00:00Z
A00099,P0073,D04,IN,2024-03-24,,2026-09-01T06:00:00Z
A00100,P0074,D02,US,2023-05-04,,2026-09-01T06:00:00Z
A00101,P0075,D01,UK,2023-03-07,,2026-09-01T06:00:00Z
A00102,P0076,D02,IN,2024-08-25,,2026-09-01T06:00:00Z
A00103,P0077,D01,US,2024-08-25,2024-11-23,2026-09-01T06:00:00Z
A00104,P0077,D02,US,2024-11-23,,2026-09-01T06:00:00Z
A00105,P0078,D01,IN,2023-03-14,,2026-09-01T06:00:00Z
A00106,P0079,D01,US,2023-08-23,,2026-09-01T06:00:00Z
A00107,P0080,D01,UK,2025-05-30,,2026-09-01T06:00:00Z
A00108,P0081,D04,UK,2024-06-10,2025-04-09,2026-09-01T06:00:00Z
A00109,P0082,D02,IN,2023-08-08,,2026-09-01T06:00:00Z
A00110,P0083,D05,IN,2025-01-10,,2026-09-01T06:00:00Z
A00111,P0084,D04,US,2024-04-29,2024-07-28,2026-09-01T06:00:00Z
A00112,P0084,D05,US,2024-07-28,,2026-09-01T06:00:00Z
A00113,P0085,D02,UK,2025-04-06,,2026-09-01T06:00:00Z
A00114,P0086,D04,US,2023-04-07,,2026-09-01T06:00:00Z
A00115,P0087,D04,UK,2023-12-29,,2026-09-01T06:00:00Z
A00116,P0088,D01,IN,2024-04-23,,2026-09-01T06:00:00Z
A00117,P0089,D01,IN,2024-11-20,,2026-09-01T06:00:00Z
A00118,P0090,D03,IN,2023-03-04,2024-06-18,2026-09-01T06:00:00Z
A00119,P0091,D02,US,2025-03-30,2025-06-28,2026-09-01T06:00:00Z
A00120,P0091,D03,US,2025-06-28,,2026-09-01T06:00:00Z
A00121,P0092,D05,US,2023-07-16,,2026-09-01T06:00:00Z
A00122,P0093,D04,US,2024-04-04,,2026-09-01T06:00:00Z
A00123,P0094,D04,UK,2023-07-07,,2026-09-01T06:00:00Z
A00124,P0095,D04,US,2023-09-13,,2026-09-01T06:00:00Z
A00125,P0096,D01,IN,2025-04-07,,2026-09-01T06:00:00Z
A00126,P0097,D05,IN,2023-02-21,,2026-09-01T06:00:00Z
A00127,P0098,D01,US,2025-05-06,2025-08-04,2026-09-01T06:00:00Z
A00128,P0098,D02,US,2025-08-04,,2026-09-01T06:00:00Z
A00129,P0099,D04,US,2025-08-06,2026-06-04,2026-09-01T06:00:00Z
A00130,P0100,D02,UK,2024-05-12,,2026-09-01T06:00:00Z
A00131,P0101,D01,UK,2025-06-04,,2026-09-01T06:00:00Z
A00132,P0102,D01,UK,2023-06-18,,2026-09-01T06:00:00Z
A00133,P0103,D04,UK,2024-02-04,,2026-09-01T06:00:00Z
A00134,P0104,D05,UK,2023-10-20,,2026-09-01T06:00:00Z
A00135,P0105,D04,IN,2024-11-08,2025-02-06,2026-09-01T06:00:00Z
A00136,P0105,D05,IN,2025-02-06,,2026-09-01T06:00:00Z
A00137,P0106,D03,US,2023-06-08,,2026-09-01T06:00:00Z
A00138,P0107,D05,US,2023-08-11,,2026-09-01T06:00:00Z
A00139,P0108,D03,IN,2025-01-23,2025-05-25,2026-09-01T06:00:00Z
A00140,P0109,D05,US,2023-02-28,,2026-09-01T06:00:00Z
A00141,P0110,D05,IN,2024-05-03,,2026-09-01T06:00:00Z
A00142,P0111,D05,US,2023-06-11,,2026-09-01T06:00:00Z
A00143,P0112,D01,US,2023-03-24,2023-06-22,2026-09-01T06:00:00Z
A00144,P0112,D02,US,2023-06-22,,2026-09-01T06:00:00Z
A00145,P0113,D02,US,2024-09-01,,2026-09-01T06:00:00Z
A00146,P0114,D05,US,2024-02-18,,2026-09-01T06:00:00Z
A00147,P0115,D05,IN,2023-09-10,,2026-09-01T06:00:00Z
A00148,P0116,D01,IN,2023-02-10,,2026-09-01T06:00:00Z
A00149,P0117,D03,UK,2024-03-05,2025-10-21,2026-09-01T06:00:00Z
A00150,P0118,D03,IN,2023-07-29,,2026-09-01T06:00:00Z
A00151,P0119,D04,UK,2023-09-02,2023-12-01,2026-09-01T06:00:00Z
A00152,P0119,D05,UK,2023-12-01,,2026-09-01T06:00:00Z
A00153,P0120,D03,IN,2023-05-15,,2026-09-01T06:00:00Z
A00154,P0121,D01,UK,2024-04-13,,2026-09-01T06:00:00Z
A00155,P0122,D05,UK,2023-01-10,,2026-09-01T06:00:00Z
A00156,P0123,D01,US,2024-07-30,,2026-09-01T06:00:00Z
A00157,P0124,D05,US,2024-07-04,,2026-09-01T06:00:00Z
A00158,P0125,D03,US,2023-09-29,,2026-09-01T06:00:00Z
A00159,P0126,D03,US,2025-06-21,2025-09-19,2026-09-01T06:00:00Z
A00160,P0126,D04,US,2025-09-19,2025-10-29,2026-09-01T06:00:00Z
A00161,P0127,D04,US,2023-10-19,,2026-09-01T06:00:00Z
A00162,P0128,D03,IN,2025-05-03,,2026-09-01T06:00:00Z
A00163,P0129,D05,IN,2024-09-18,,2026-09-01T06:00:00Z
A00164,P0130,D05,IN,2023-01-09,,2026-09-01T06:00:00Z
A00165,P0131,D01,IN,2023-11-03,,2026-09-01T06:00:00Z
A00166,P0132,D03,US,2025-08-19,,2026-09-01T06:00:00Z
A00167,P0133,D05,US,2023-04-29,2023-07-28,2026-09-01T06:00:00Z
A00168,P0133,D01,US,2023-07-28,,2026-09-01T06:00:00Z
A00169,P0134,D03,UK,2023-06-09,,2026-09-01T06:00:00Z
A00170,P0135,D03,IN,2024-09-11,2025-06-13,2026-09-01T06:00:00Z
A00171,P0136,D03,IN,2023-07-28,,2026-09-01T06:00:00Z
A00172,P0137,D03,UK,2024-06-01,,2026-09-01T06:00:00Z
A00173,P0138,D01,US,2025-07-16,,2026-09-01T06:00:00Z
A00174,P0139,D03,UK,2024-10-11,,2026-09-01T06:00:00Z
A00175,P0140,D03,US,2023-02-15,2023-05-16,2026-09-01T06:00:00Z
A00176,P0140,D04,US,2023-05-16,,2026-09-01T06:00:00Z
A00177,P0141,D03,US,2025-02-28,,2026-09-01T06:00:00Z
A00178,P0142,D04,IN,2023-06-15,,2026-09-01T06:00:00Z
A00179,P0143,D04,IN,2024-07-18,,2026-09-01T06:00:00Z
A00180,P0144,D01,US,2024-07-28,2024-10-05,2026-09-01T06:00:00Z
A00181,P0145,D02,IN,2025-08-25,,2026-09-01T06:00:00Z
A00182,P0146,D03,US,2024-07-12,,2026-09-01T06:00:00Z
A00183,P0147,D02,IN,2024-08-19,2024-11-17,2026-09-01T06:00:00Z
A00184,P0147,D03,IN,2024-11-17,,2026-09-01T06:00:00Z
A00185,P0148,D01,US,2024-03-16,,2026-09-01T06:00:00Z
A00186,P0149,D01,UK,2023-11-12,,2026-09-01T06:00:00Z
A00187,P0150,D02,UK,2025-07-09,,2026-09-01T06:00:00Z
A00188,P0151,D01,US,2024-11-29,,2026-09-01T06:00:00Z
A00189,P0152,D04,IN,2023-12-29,,2026-09-01T06:00:00Z
A00190,P0153,D02,US,2025-09-24,2026-04-30,2026-09-01T06:00:00Z
A00191,P0154,D04,US,2025-09-26,2025-12-25,2026-09-01T06:00:00Z
A00192,P0154,D05,US,2025-12-25,,2026-09-01T06:00:00Z
A00193,P0155,D03,US,2023-01-26,,2026-09-01T06:00:00Z
A00194,P0156,D02,UK,2025-03-12,,2026-09-01T06:00:00Z
A00195,P0157,D01,US,2023-10-01,,2026-09-01T06:00:00Z
A00196,P0158,D04,US,2024-01-27,,2026-09-01T06:00:00Z
A00197,P0159,D04,US,2023-08-16,,2026-09-01T06:00:00Z
A00198,P0160,D02,UK,2023-12-25,,2026-09-01T06:00:00Z
A00199,P0161,D02,US,2023-08-17,2023-11-15,2026-09-01T06:00:00Z
A00200,P0161,D03,US,2023-11-15,,2026-09-01T06:00:00Z
A00201,P0162,D01,UK,2024-02-13,2025-03-15,2026-09-01T06:00:00Z
A00202,P0163,D03,UK,2025-09-17,,2026-09-01T06:00:00Z
A00203,P0164,D04,IN,2024-10-18,,2026-09-01T06:00:00Z
A00204,P0165,D03,IN,2024-11-26,,2026-09-01T06:00:00Z
A00205,P0166,D01,US,2025-08-19,,2026-09-01T06:00:00Z
A00206,P0167,D02,UK,2025-06-17,,2026-09-01T06:00:00Z
A00207,P0168,D01,UK,2024-08-17,2024-11-15,2026-09-01T06:00:00Z
A00208,P0168,D02,UK,2024-11-15,,2026-09-01T06:00:00Z
A00209,P0169,D04,IN,2023-04-22,,2026-09-01T06:00:00Z
A00210,P0170,D03,IN,2023-12-20,,2026-09-01T06:00:00Z
A00211,P0171,D04,US,2024-03-22,2025-10-26,2026-09-01T06:00:00Z
A00212,P0172,D02,IN,2025-07-10,,2026-09-01T06:00:00Z
A00213,P0173,D04,US,2023-09-18,,2026-09-01T06:00:00Z
A00214,P0174,D05,IN,2023-01-02,,2026-09-01T06:00:00Z
A00215,P0175,D02,IN,2024-12-04,2025-03-04,2026-09-01T06:00:00Z
A00216,P0175,D03,IN,2025-03-04,,2026-09-01T06:00:00Z
A00217,P0176,D01,UK,2024-01-08,,2026-09-01T06:00:00Z
A00218,P0177,D03,IN,2025-08-29,,2026-09-01T06:00:00Z
A00219,P0178,D01,UK,2024-09-30,,2026-09-01T06:00:00Z
A00220,P0179,D05,UK,2025-01-07,,2026-09-01T06:00:00Z
A00221,P0180,D04,UK,2023-11-13,2025-03-05,2026-09-01T06:00:00Z
A00222,P0181,D05,UK,2024-12-14,,2026-09-01T06:00:00Z
A00223,P0182,D04,US,2023-05-11,2023-08-09,2026-09-01T06:00:00Z
A00224,P0182,D05,US,2023-08-09,,2026-09-01T06:00:00Z
A00225,P0183,D02,UK,2024-11-11,,2026-09-01T06:00:00Z
A00226,P0184,D03,IN,2024-09-22,,2026-09-01T06:00:00Z
A00227,P0185,D01,IN,2024-02-20,,2026-09-01T06:00:00Z
A00228,P0186,D02,UK,2023-11-08,,2026-09-01T06:00:00Z
A00229,P0187,D05,IN,2024-03-16,,2026-09-01T06:00:00Z
A00230,P0188,D04,UK,2024-11-01,,2026-09-01T06:00:00Z
A00231,P0189,D02,IN,2024-03-28,2024-06-26,2026-09-01T06:00:00Z
A00232,P0189,D03,IN,2024-06-26,2025-08-22,2026-09-01T06:00:00Z
A00233,P0190,D02,UK,2024-06-07,,2026-09-01T06:00:00Z
A00234,P0191,D03,US,2024-11-05,,2026-09-01T06:00:00Z
A00235,P0192,D05,IN,2024-06-11,,2026-09-01T06:00:00Z
A00236,P0193,D02,US,2023-12-10,,2026-09-01T06:00:00Z
A00237,P0194,D02,UK,2024-11-19,,2026-09-01T06:00:00Z
A00238,P0195,D02,US,2025-04-05,,2026-09-01T06:00:00Z
A00239,P0196,D02,US,2023-01-26,2023-04-26,2026-09-01T06:00:00Z
A00240,P0196,D03,US,2023-04-26,,2026-09-01T06:00:00Z
A00241,P0197,D01,IN,2024-05-01,,2026-09-01T06:00:00Z
A00242,P0198,D05,IN,2024-04-11,2025-08-08,2026-09-01T06:00:00Z
A00243,P0199,D04,IN,2023-07-19,,2026-09-01T06:00:00Z
A00244,P0200,D02,UK,2024-05-21,,2026-09-01T06:00:00Z
A00245,P0201,D01,IN,2023-06-01,,2026-09-01T06:00:00Z
A00246,P0202,D04,US,2025-07-03,,2026-09-01T06:00:00Z
A00247,P0203,D05,US,2023-08-13,2023-11-11,2026-09-01T06:00:00Z
A00248,P0203,D01,US,2023-11-11,,2026-09-01T06:00:00Z
A00249,P0204,D05,US,2024-04-20,,2026-09-01T06:00:00Z
A00250,P0205,D04,US,2023-09-13,,2026-09-01T06:00:00Z
A00251,P0206,D05,UK,2023-05-17,,2026-09-01T06:00:00Z
A00252,P0207,D05,UK,2024-07-26,2025-08-14,2026-09-01T06:00:00Z
A00253,P0208,D05,IN,2025-04-14,,2026-09-01T06:00:00Z
A00254,P0209,D04,IN,2024-03-12,,2026-09-01T06:00:00Z
A00255,P0210,D04,US,2025-07-07,2025-10-05,2026-09-01T06:00:00Z
A00256,P0210,D05,US,2025-10-05,,2026-09-01T06:00:00Z
A00257,P0211,D02,UK,2024-04-05,,2026-09-01T06:00:00Z
A00258,P0212,D03,IN,2025-05-10,,2026-09-01T06:00:00Z
A00259,P0213,D04,IN,2025-02-23,,2026-09-01T06:00:00Z
A00260,P0214,D03,US,2024-10-03,,2026-09-01T06:00:00Z
A00261,P0215,D03,US,2024-03-26,,2026-09-01T06:00:00Z
A00262,P0216,D03,UK,2023-08-29,2024-08-01,2026-09-01T06:00:00Z
A00263,P0217,D01,IN,2025-07-03,2025-10-01,2026-09-01T06:00:00Z
A00264,P0217,D02,IN,2025-10-01,,2026-09-01T06:00:00Z
A00265,P0218,D02,US,2023-05-22,,2026-09-01T06:00:00Z
A00266,P0219,D02,IN,2024-01-28,,2026-09-01T06:00:00Z
A00267,P0220,D01,US,2024-12-24,,2026-09-01T06:00:00Z
A00268,P0221,D03,UK,2024-02-29,,2026-09-01T06:00:00Z
A00269,P0222,D04,UK,2024-07-09,,2026-09-01T06:00:00Z
A00270,P0223,D04,US,2023-03-05,,2026-09-01T06:00:00Z
A00271,P0224,D01,IN,2024-02-03,2024-05-03,2026-09-01T06:00:00Z
A00272,P0224,D02,IN,2024-05-03,,2026-09-01T06:00:00Z
A00273,P0225,D01,UK,2025-05-27,2026-08-19,2026-09-01T06:00:00Z
A00274,P0226,D03,UK,2025-08-23,,2026-09-01T06:00:00Z
A00275,P0227,D04,UK,2025-02-10,,2026-09-01T06:00:00Z
A00276,P0228,D05,IN,2024-07-05,,2026-09-01T06:00:00Z
A00277,P0229,D02,IN,2025-03-30,,2026-09-01T06:00:00Z
A00278,P0230,D03,US,2024-05-14,,2026-09-01T06:00:00Z
A00279,P0231,D01,UK,2024-03-22,2024-06-20,2026-09-01T06:00:00Z
A00280,P0231,D02,UK,2024-06-20,,2026-09-01T06:00:00Z
A00281,P0232,D04,UK,2024-02-03,,2026-09-01T06:00:00Z
A00282,P0233,D04,US,2025-01-11,,2026-09-01T06:00:00Z
A00283,P0234,D05,IN,2025-07-30,2026-02-05,2026-09-01T06:00:00Z
A00284,P0235,D05,UK,2023-01-28,,2026-09-01T06:00:00Z
A00285,P0236,D01,IN,2024-07-31,,2026-09-01T06:00:00Z
A00286,P0237,D04,IN,2023-03-27,,2026-09-01T06:00:00Z
A00287,P0238,D02,UK,2023-05-19,2023-08-17,2026-09-01T06:00:00Z
A00288,P0238,D03,UK,2023-08-17,,2026-09-01T06:00:00Z
A00289,P0239,D04,UK,2023-02-21,,2026-09-01T06:00:00Z
A00290,P0240,D04,US,2023-12-02,,2026-09-01T06:00:00Z
A00291,P0241,D04,UK,2023-12-01,,2026-09-01T06:00:00Z
A00292,P0242,D03,UK,2023-10-12,,2026-09-01T06:00:00Z
A00293,P0243,D01,UK,2025-05-04,2025-09-24,2026-09-01T06:00:00Z
A00294,P0244,D01,IN,2025-02-06,,2026-09-01T06:00:00Z
A00295,P0245,D02,UK,2025-09-01,2025-11-30,2026-09-01T06:00:00Z
A00296,P0245,D03,UK,2025-11-30,,2026-09-01T06:00:00Z
A00297,P0246,D01,US,2024-10-27,,2026-09-01T06:00:00Z
A00298,P0247,D02,US,2025-02-11,,2026-09-01T06:00:00Z
A00299,P0248,D05,US,2023-07-24,,2026-09-01T06:00:00Z
A00300,P0249,D02,US,2023-06-06,,2026-09-01T06:00:00Z
A00301,P0250,D01,IN,2024-04-29,,2026-09-01T06:00:00Z
A00302,P0251,D04,US,2024-07-31,,2026-09-01T06:00:00Z
A00303,P0252,D02,UK,2024-12-17,2025-03-17,2026-09-01T06:00:00Z
A00304,P0252,D03,UK,2025-03-17,2025-11-04,2026-09-01T06:00:00Z
A00305,P0253,D01,IN,2024-09-12,,2026-09-01T06:00:00Z
A00306,P0254,D03,US,2025-03-07,,2026-09-01T06:00:00Z
A00307,P0255,D01,IN,2023-04-21,,2026-09-01T06:00:00Z
A00308,P0256,D05,UK,2025-08-09,,2026-09-01T06:00:00Z
A00309,P0257,D04,UK,2024-11-24,,2026-09-01T06:00:00Z
A00310,P0258,D02,IN,2025-08-22,,2026-09-01T06:00:00Z
A00311,P0259,D02,IN,2023-03-19,2023-06-17,2026-09-01T06:00:00Z
A00312,P0259,D03,IN,2023-06-17,,2026-09-01T06:00:00Z
A00313,P0260,D03,IN,2023-04-15,,2026-09-01T06:00:00Z
A00314,P0261,D01,IN,2025-05-20,2025-11-19,2026-09-01T06:00:00Z
A00315,P0262,D04,IN,2023-12-22,,2026-09-01T06:00:00Z
A00316,P0263,D01,UK,2024-11-08,,2026-09-01T06:00:00Z
A00317,P0264,D03,IN,2024-06-02,,2026-09-01T06:00:00Z
A00318,P0265,D04,UK,2023-01-13,,2026-09-01T06:00:00Z
A00319,P0266,D03,UK,2023-04-19,2023-07-18,2026-09-01T06:00:00Z
A00320,P0266,D04,UK,2023-07-18,,2026-09-01T06:00:00Z
A00321,P0267,D02,UK,2024-10-12,,2026-09-01T06:00:00Z
A00322,P0268,D05,US,2024-03-21,,2026-09-01T06:00:00Z
A00323,P0269,D03,IN,2025-09-15,,2026-09-01T06:00:00Z
A00324,P0270,D04,UK,2024-09-22,2026-03-31,2026-09-01T06:00:00Z
A00325,P0271,D05,IN,2025-04-25,,2026-09-01T06:00:00Z
A00326,P0272,D02,UK,2023-10-02,,2026-09-01T06:00:00Z
A00327,P0273,D03,US,2025-04-30,2025-07-29,2026-09-01T06:00:00Z
A00328,P0273,D04,US,2025-07-29,,2026-09-01T06:00:00Z
A00329,P0274,D02,UK,2025-06-21,,2026-09-01T06:00:00Z
A00330,P0275,D05,UK,2025-02-07,,2026-09-01T06:00:00Z
A00331,P0276,D04,IN,2024-09-16,,2026-09-01T06:00:00Z
A00332,P0277,D04,US,2023-12-11,,2026-09-01T06:00:00Z
A00333,P0278,D02,UK,2025-05-21,,2026-09-01T06:00:00Z
A00334,P0279,D03,UK,2024-05-14,2025-02-15,2026-09-01T06:00:00Z
A00335,P0280,D05,UK,2023-12-15,2024-03-14,2026-09-01T06:00:00Z
A00336,P0280,D01,UK,2024-03-14,,2026-09-01T06:00:00Z
A00337,P0281,D05,UK,2024-12-19,,2026-09-01T06:00:00Z
A00338,P0282,D02,IN,2023-01-11,,2026-09-01T06:00:00Z
A00339,P0283,D04,US,2023-03-29,,2026-09-01T06:00:00Z
A00340,P0284,D02,IN,2024-05-15,,2026-09-01T06:00:00Z
A00341,P0285,D04,UK,2024-12-08,,2026-09-01T06:00:00Z
A00342,P0286,D01,US,2024-04-03,,2026-09-01T06:00:00Z
A00343,P0287,D04,US,2023-10-29,2024-01-27,2026-09-01T06:00:00Z
A00344,P0287,D05,US,2024-01-27,,2026-09-01T06:00:00Z
A00345,P0288,D05,UK,2024-12-09,2025-10-14,2026-09-01T06:00:00Z
A00346,P0289,D05,UK,2024-01-13,,2026-09-01T06:00:00Z
A00347,P0290,D04,UK,2024-06-27,,2026-09-01T06:00:00Z
A00348,P0291,D03,IN,2025-02-02,,2026-09-01T06:00:00Z
A00349,P0292,D04,IN,2023-12-27,,2026-09-01T06:00:00Z
A00350,P0293,D03,UK,2023-10-05,,2026-09-01T06:00:00Z
A00351,P0294,D02,US,2023-08-25,2023-11-23,2026-09-01T06:00:00Z
A00352,P0294,D03,US,2023-11-23,,2026-09-01T06:00:00Z
A00353,P0295,D05,US,2023-11-20,,2026-09-01T06:00:00Z
A00354,P0296,D02,IN,2025-08-31,,2026-09-01T06:00:00Z
A00355,P0297,D04,IN,2023-07-16,2024-04-22,2026-09-01T06:00:00Z
A00356,P0298,D05,IN,2023-10-11,,2026-09-01T06:00:00Z
A00357,P0299,D05,IN,2025-02-17,,2026-09-01T06:00:00Z
A00358,P0300,D02,US,2023-10-17,,2026-09-01T06:00:00Z
A00359,P0301,D03,US,2023-10-31,2024-01-29,2026-09-01T06:00:00Z
A00360,P0301,D04,US,2024-01-29,,2026-09-01T06:00:00Z
A00361,P0302,D01,UK,2023-07-03,,2026-09-01T06:00:00Z
A00362,P0303,D02,IN,2024-12-26,,2026-09-01T06:00:00Z
A00363,P0304,D01,US,2023-10-08,,2026-09-01T06:00:00Z
A00364,P0305,D02,UK,2024-07-20,,2026-09-01T06:00:00Z
A00365,P0306,D01,US,2024-10-15,2026-04-30,2026-09-01T06:00:00Z
A00366,P0307,D04,UK,2024-08-10,,2026-09-01T06:00:00Z
A00367,P0308,D03,UK,2024-05-05,2024-08-03,2026-09-01T06:00:00Z
A00368,P0308,D04,UK,2024-08-03,,2026-09-01T06:00:00Z
A00369,P0309,D03,US,2023-07-08,,2026-09-01T06:00:00Z
A00370,P0310,D01,UK,2025-08-21,,2026-09-01T06:00:00Z
A00371,P0311,D04,US,2025-04-21,,2026-09-01T06:00:00Z
A00372,P0312,D05,US,2024-05-18,,2026-09-01T06:00:00Z
A00373,P0313,D01,IN,2024-10-06,,2026-09-01T06:00:00Z
A00374,P0314,D05,US,2023-06-05,,2026-09-01T06:00:00Z
A00375,P0315,D02,US,2025-08-29,2025-11-27,2026-09-01T06:00:00Z
A00376,P0315,D03,US,2025-11-27,2026-09-04,2026-09-01T06:00:00Z
A00377,P0316,D04,IN,2023-05-02,,2026-09-01T06:00:00Z
A00378,P0317,D05,IN,2024-09-12,,2026-09-01T06:00:00Z
A00379,P0318,D04,IN,2023-08-20,,2026-09-01T06:00:00Z
A00380,P0319,D03,UK,2024-04-06,,2026-09-01T06:00:00Z
A00381,P0320,D04,IN,2025-05-30,,2026-09-01T06:00:00Z
A00382,P0321,D05,IN,2023-11-09,,2026-09-01T06:00:00Z
A00383,P0322,D01,IN,2023-03-03,2023-06-01,2026-09-01T06:00:00Z
A00384,P0322,D02,IN,2023-06-01,,2026-09-01T06:00:00Z
A00385,P0323,D02,US,2025-08-28,,2026-09-01T06:00:00Z
A00386,P0324,D02,US,2023-09-28,2024-02-18,2026-09-01T06:00:00Z
A00387,P0325,D01,IN,2023-06-27,,2026-09-01T06:00:00Z
A00388,P0326,D04,US,2023-06-10,,2026-09-01T06:00:00Z
A00389,P0327,D05,IN,2024-04-06,,2026-09-01T06:00:00Z
A00390,P0328,D01,UK,2024-04-26,,2026-09-01T06:00:00Z
A00391,P0329,D03,UK,2023-08-26,2023-11-24,2026-09-01T06:00:00Z
A00392,P0329,D04,UK,2023-11-24,,2026-09-01T06:00:00Z
A00393,P0330,D01,UK,2024-12-20,,2026-09-01T06:00:00Z
A00394,P0331,D03,US,2024-12-04,,2026-09-01T06:00:00Z
A00395,P0332,D05,IN,2025-03-17,,2026-09-01T06:00:00Z
A00396,P0333,D01,UK,2024-11-08,2025-07-28,2026-09-01T06:00:00Z
A00397,P0334,D02,US,2024-07-11,,2026-09-01T06:00:00Z
A00398,P0335,D02,UK,2025-07-19,,2026-09-01T06:00:00Z
A00399,P0336,D02,US,2023-03-15,2023-06-13,2026-09-01T06:00:00Z
A00400,P0336,D03,US,2023-06-13,,2026-09-01T06:00:00Z
A00401,P0337,D05,UK,2025-03-22,,2026-09-01T06:00:00Z
A00402,P0338,D03,IN,2025-02-05,,2026-09-01T06:00:00Z
A00403,P0339,D04,US,2024-03-25,,2026-09-01T06:00:00Z
A00404,P0340,D04,UK,2024-12-06,,2026-09-01T06:00:00Z
A00405,P0341,D05,UK,2025-08-23,,2026-09-01T06:00:00Z
A00406,P0342,D01,UK,2024-07-06,2026-01-22,2026-09-01T06:00:00Z
A00407,P0343,D04,US,2024-09-04,2024-12-03,2026-09-01T06:00:00Z
A00408,P0343,D05,US,2024-12-03,,2026-09-01T06:00:00Z
A00409,P0344,D05,UK,2025-01-22,,2026-09-01T06:00:00Z
A00410,P0345,D01,US,2023-09-14,,2026-09-01T06:00:00Z
A00411,P0346,D05,IN,2023-08-23,,2026-09-01T06:00:00Z
A00412,P0347,D03,US,2024-08-24,,2026-09-01T06:00:00Z
A00413,P0348,D02,US,2024-08-13,,2026-09-01T06:00:00Z
A00414,P0349,D04,IN,2024-04-26,,2026-09-01T06:00:00Z
A00415,P0350,D02,UK,2025-07-27,2025-10-25,2026-09-01T06:00:00Z
A00416,P0350,D03,UK,2025-10-25,,2026-09-01T06:00:00Z
A00417,P0351,D04,IN,2024-08-22,2026-01-10,2026-09-01T06:00:00Z
A00418,P0352,D04,US,2025-09-19,,2026-09-01T06:00:00Z
A00419,P0353,D03,UK,2023-12-23,,2026-09-01T06:00:00Z
A00420,P0354,D01,IN,2023-11-25,,2026-09-01T06:00:00Z
A00421,P0355,D03,US,2025-05-28,,2026-09-01T06:00:00Z
A00422,P0356,D04,IN,2024-02-26,,2026-09-01T06:00:00Z
A00423,P0357,D04,IN,2023-10-23,2024-01-21,2026-09-01T06:00:00Z
A00424,P0357,D05,IN,2024-01-21,,2026-09-01T06:00:00Z
A00425,P0358,D01,IN,2025-04-13,,2026-09-01T06:00:00Z
A00426,P0359,D03,US,2024-04-10,,2026-09-01T06:00:00Z
A00427,P0360,D04,US,2023-09-16,2024-10-11,2026-09-01T06:00:00Z
A00428,P0361,D01,IN,2025-06-04,,2026-09-01T06:00:00Z
A00429,P0362,D04,IN,2024-11-04,,2026-09-01T06:00:00Z
A00430,P0363,D02,US,2024-02-28,,2026-09-01T06:00:00Z
A00431,P0364,D05,UK,2024-06-14,2024-09-12,2026-09-01T06:00:00Z
A00432,P0364,D01,UK,2024-09-12,,2026-09-01T06:00:00Z
A00433,P0365,D04,UK,2025-02-13,,2026-09-01T06:00:00Z
A00434,P0366,D02,US,2025-02-17,,2026-09-01T06:00:00Z
A00435,P0367,D02,IN,2023-10-01,,2026-09-01T06:00:00Z
A00436,P0368,D04,UK,2025-08-07,,2026-09-01T06:00:00Z
A00437,P0369,D01,US,2025-06-20,2026-12-28,2026-09-01T06:00:00Z
A00438,P0370,D05,IN,2025-09-23,,2026-09-01T06:00:00Z
A00439,P0371,D02,US,2025-03-29,2025-06-27,2026-09-01T06:00:00Z
A00440,P0371,D03,US,2025-06-27,,2026-09-01T06:00:00Z
A00441,P0372,D01,IN,2023-11-15,,2026-09-01T06:00:00Z
A00442,P0373,D01,UK,2024-07-19,,2026-09-01T06:00:00Z
A00443,P0374,D04,US,2023-08-19,,2026-09-01T06:00:00Z
A00444,P0375,D02,US,2025-08-27,,2026-09-01T06:00:00Z
A00445,P0376,D03,IN,2024-05-25,,2026-09-01T06:00:00Z
A00446,P0377,D03,IN,2024-06-05,,2026-09-01T06:00:00Z
A00447,P0378,D02,UK,2024-03-01,2024-05-30,2026-09-01T06:00:00Z
A00448,P0378,D03,UK,2024-05-30,2025-09-06,2026-09-01T06:00:00Z
A00449,P0379,D02,IN,2024-04-12,,2026-09-01T06:00:00Z
A00450,P0380,D05,US,2024-01-28,,2026-09-01T06:00:00Z
A00451,P0381,D02,IN,2024-06-04,,2026-09-01T06:00:00Z
A00452,P0382,D03,US,2025-06-03,,2026-09-01T06:00:00Z
A00453,P0383,D03,UK,2025-03-02,,2026-09-01T06:00:00Z
A00454,P0384,D03,IN,2025-08-14,,2026-09-01T06:00:00Z
A00455,P0385,D03,US,2025-04-20,2025-07-19,2026-09-01T06:00:00Z
A00456,P0385,D04,US,2025-07-19,,2026-09-01T06:00:00Z
A00457,P0386,D05,UK,2025-01-13,,2026-09-01T06:00:00Z
A00458,P0387,D04,US,2024-08-16,2026-02-28,2026-09-01T06:00:00Z
A00459,P0388,D03,UK,2024-07-05,,2026-09-01T06:00:00Z
A00460,P0389,D05,IN,2023-12-07,,2026-09-01T06:00:00Z
A00461,P0390,D03,UK,2024-01-22,,2026-09-01T06:00:00Z
A00462,P0391,D02,US,2025-06-09,,2026-09-01T06:00:00Z
A00463,P0392,D02,UK,2024-08-08,2024-11-06,2026-09-01T06:00:00Z
A00464,P0392,D03,UK,2024-11-06,,2026-09-01T06:00:00Z
A00465,P0393,D01,UK,2025-05-26,,2026-09-01T06:00:00Z
A00466,P0394,D04,IN,2023-11-22,,2026-09-01T06:00:00Z
A00467,P0395,D04,UK,2024-12-23,,2026-09-01T06:00:00Z
A00468,P0396,D01,UK,2024-11-10,2025-06-13,2026-09-01T06:00:00Z
A00469,P0397,D05,IN,2023-05-10,,2026-09-01T06:00:00Z
A00470,P0398,D04,US,2023-12-06,,2026-09-01T06:00:00Z
A00471,P0399,D04,IN,2023-04-13,2023-07-12,2026-09-01T06:00:00Z
A00472,P0399,D05,IN,2023-07-12,,2026-09-01T06:00:00Z
A00473,P0400,D02,IN,2023-01-16,,2026-09-01T06:00:00Z
A00474,P0401,D02,IN,2024-02-24,,2026-09-01T06:00:00Z
A00475,P0402,D03,UK,2023-03-18,,2026-09-01T06:00:00Z
A00476,P0403,D04,IN,2023-12-13,,2026-09-01T06:00:00Z
A00477,P0404,D03,US,2024-10-27,,2026-09-01T06:00:00Z
A00478,P0405,D04,UK,2025-05-22,2026-08-14,2026-09-01T06:00:00Z
A00479,P0406,D01,IN,2025-06-12,2025-09-10,2026-09-01T06:00:00Z
A00480,P0406,D02,IN,2025-09-10,,2026-09-01T06:00:00Z
A00481,P0407,D02,US,2024-09-24,,2026-09-01T06:00:00Z
A00482,P0408,D03,IN,2024-10-08,,2026-09-01T06:00:00Z
A00483,P0409,D01,IN,2023-08-21,,2026-09-01T06:00:00Z
A00484,P0410,D01,US,2024-03-20,,2026-09-01T06:00:00Z
A00485,P0411,D03,US,2024-03-30,,2026-09-01T06:00:00Z
A00486,P0412,D01,US,2025-07-14,,2026-09-01T06:00:00Z
A00487,P0413,D03,US,2023-11-29,2024-02-27,2026-09-01T06:00:00Z
A00488,P0413,D04,US,2024-02-27,,2026-09-01T06:00:00Z
A00489,P0414,D02,UK,2024-01-03,2025-03-21,2026-09-01T06:00:00Z
A00490,P0415,D04,IN,2023-09-08,,2026-09-01T06:00:00Z
A00491,P0416,D02,IN,2024-08-02,,2026-09-01T06:00:00Z
A00492,P0417,D01,US,2023-06-24,,2026-09-01T06:00:00Z
A00493,P0418,D05,UK,2024-09-16,,2026-09-01T06:00:00Z
A00494,P0419,D04,US,2024-11-30,,2026-09-01T06:00:00Z
A00495,P0420,D02,IN,2025-07-23,2025-10-21,2026-09-01T06:00:00Z
A00496,P0420,D03,IN,2025-10-21,,2026-09-01T06:00:00Z
A00497,P0421,D03,UK,2023-08-26,,2026-09-01T06:00:00Z
A00498,P0422,D01,UK,2024-04-15,,2026-09-01T06:00:00Z
A00499,P0423,D05,UK,2025-07-09,2026-12-27,2026-09-01T06:00:00Z
A00500,P0424,D04,US,2023-06-11,,2026-09-01T06:00:00Z
A00501,P0425,D05,UK,2025-08-25,,2026-09-01T06:00:00Z
A00502,P0426,D04,IN,2023-11-03,,2026-09-01T06:00:00Z
A00503,P0427,D04,UK,2024-12-07,2025-03-07,2026-09-01T06:00:00Z
A00504,P0427,D05,UK,2025-03-07,,2026-09-01T06:00:00Z
A00505,P0428,D02,UK,2025-05-15,,2026-09-01T06:00:00Z
A00506,P0429,D01,UK,2024-01-29,,2026-09-01T06:00:00Z
A00507,P0430,D05,UK,2023-08-31,,2026-09-01T06:00:00Z
A00508,P0431,D03,IN,2024-01-03,,2026-09-01T06:00:00Z
A00509,P0432,D04,US,2024-12-17,2025-12-14,2026-09-01T06:00:00Z
A00510,P0433,D05,US,2023-10-09,,2026-09-01T06:00:00Z
A00511,P0434,D01,IN,2025-06-04,2025-09-02,2026-09-01T06:00:00Z
A00512,P0434,D02,IN,2025-09-02,,2026-09-01T06:00:00Z
A00513,P0435,D04,IN,2025-07-21,,2026-09-01T06:00:00Z
A00514,P0436,D02,UK,2025-05-02,,2026-09-01T06:00:00Z
A00515,P0437,D02,UK,2024-09-13,,2026-09-01T06:00:00Z
A00516,P0438,D05,US,2024-10-13,,2026-09-01T06:00:00Z
A00517,P0439,D02,IN,2023-09-14,,2026-09-01T06:00:00Z
A00518,P0440,D01,US,2024-10-05,,2026-09-01T06:00:00Z
A00519,P0441,D05,US,2023-11-13,2024-02-11,2026-09-01T06:00:00Z
A00520,P0441,D01,US,2024-02-11,2025-04-07,2026-09-01T06:00:00Z
A00521,P0442,D02,IN,2024-01-09,,2026-09-01T06:00:00Z
A00522,P0443,D03,UK,2023-04-03,,2026-09-01T06:00:00Z
A00523,P0444,D02,UK,2025-02-04,,2026-09-01T06:00:00Z
A00524,P0445,D05,US,2023-07-25,,2026-09-01T06:00:00Z
A00525,P0446,D05,UK,2025-06-16,,2026-09-01T06:00:00Z
A00526,P0447,D02,UK,2024-05-28,,2026-09-01T06:00:00Z
A00527,P0448,D03,UK,2023-09-21,2023-12-20,2026-09-01T06:00:00Z
A00528,P0448,D04,UK,2023-12-20,,2026-09-01T06:00:00Z
A00529,P0449,D01,UK,2025-02-03,,2026-09-01T06:00:00Z
A00530,P0450,D02,US,2024-04-24,2024-09-08,2026-09-01T06:00:00Z
A00531,P0451,D04,IN,2025-05-30,,2026-09-01T06:00:00Z
A00532,P0452,D03,IN,2025-09-17,,2026-09-01T06:00:00Z
A00533,P0453,D01,UK,2023-04-03,,2026-09-01T06:00:00Z
A00534,P0454,D01,IN,2023-09-28,,2026-09-01T06:00:00Z
A00535,P0455,D03,UK,2024-04-10,2024-07-09,2026-09-01T06:00:00Z
A00536,P0455,D04,UK,2024-07-09,,2026-09-01T06:00:00Z
A00537,P0456,D03,UK,2024-08-21,,2026-09-01T06:00:00Z
A00538,P0457,D02,IN,2023-04-21,,2026-09-01T06:00:00Z
A00539,P0458,D05,US,2024-04-27,,2026-09-01T06:00:00Z
A00540,P0459,D02,IN,2025-06-24,2026-07-24,2026-09-01T06:00:00Z
A00541,P0460,D04,US,2024-10-25,,2026-09-01T06:00:00Z
A00542,P0461,D03,IN,2025-07-20,,2026-09-01T06:00:00Z
A00543,P0462,D01,UK,2024-10-26,2025-01-24,2026-09-01T06:00:00Z
A00544,P0462,D02,UK,2025-01-24,,2026-09-01T06:00:00Z
A00545,P0463,D01,US,2023-05-24,,2026-09-01T06:00:00Z
A00546,P0464,D01,UK,2023-11-08,,2026-09-01T06:00:00Z
A00547,P0465,D05,US,2023-04-10,,2026-09-01T06:00:00Z
A00548,P0466,D04,UK,2023-05-19,,2026-09-01T06:00:00Z
A00549,P0467,D05,IN,2024-01-15,,2026-09-01T06:00:00Z
A00550,P0468,D01,UK,2024-03-05,2024-10-09,2026-09-01T06:00:00Z
A00551,P0469,D05,UK,2025-05-03,2025-08-01,2026-09-01T06:00:00Z
A00552,P0469,D01,UK,2025-08-01,,2026-09-01T06:00:00Z
A00553,P0470,D01,UK,2024-02-22,,2026-09-01T06:00:00Z
A00554,P0471,D02,UK,2024-12-07,,2026-09-01T06:00:00Z
A00555,P0472,D02,UK,2024-03-30,,2026-09-01T06:00:00Z
A00556,P0473,D01,UK,2025-05-25,,2026-09-01T06:00:00Z
A00557,P0474,D05,UK,2024-12-03,,2026-09-01T06:00:00Z
A00558,P0475,D03,IN,2025-07-12,,2026-09-01T06:00:00Z
A00559,P0476,D03,UK,2023-03-04,2023-06-02,2026-09-01T06:00:00Z
A00560,P0476,D04,UK,2023-06-02,,2026-09-01T06:00:00Z
A00561,P0477,D01,UK,2023-07-14,2024-01-15,2026-09-01T06:00:00Z
A00562,P0478,D05,US,2024-11-09,,2026-09-01T06:00:00Z
A00563,P0479,D01,US,2025-09-21,,2026-09-01T06:00:00Z
A00564,P0480,D02,UK,2025-03-16,,2026-09-01T06:00:00Z
A00565,P0481,D02,IN,2023-05-09,,2026-09-01T06:00:00Z
A00566,P0482,D02,IN,2023-03-12,,2026-09-01T06:00:00Z
A00567,P0483,D02,US,2024-08-23,2024-11-21,2026-09-01T06:00:00Z
A00568,P0483,D03,US,2024-11-21,,2026-09-01T06:00:00Z
A00569,P0484,D05,US,2023-12-03,,2026-09-01T06:00:00Z
A00570,P0485,D02,UK,2023-01-03,,2026-09-01T06:00:00Z
A00571,P0486,D01,US,2023-05-14,2024-03-25,2026-09-01T06:00:00Z
A00572,P0487,D02,US,2024-11-07,,2026-09-01T06:00:00Z
A00573,P0488,D02,UK,2023-01-16,,2026-09-01T06:00:00Z
A00574,P0489,D01,UK,2024-08-25,,2026-09-01T06:00:00Z
A00575,P0490,D01,UK,2023-06-28,2023-09-26,2026-09-01T06:00:00Z
A00576,P0490,D02,UK,2023-09-26,,2026-09-01T06:00:00Z
A00577,P0491,D04,IN,2023-05-10,,2026-09-01T06:00:00Z
A00578,P0492,D01,US,2024-06-22,,2026-09-01T06:00:00Z
A00579,P0493,D03,UK,2024-05-02,,2026-09-01T06:00:00Z
A00580,P0494,D01,IN,2024-06-09,,2026-09-01T06:00:00Z
A00581,P0495,D05,US,2024-04-07,2025-11-03,2026-09-01T06:00:00Z
A00582,P0496,D05,IN,2023-02-14,,2026-09-01T06:00:00Z
A00583,P0497,D01,UK,2023-11-05,2024-02-03,2026-09-01T06:00:00Z
A00584,P0497,D02,UK,2024-02-03,,2026-09-01T06:00:00Z
A00585,P0498,D04,UK,2023-03-04,,2026-09-01T06:00:00Z
A00586,P0499,D01,IN,2024-03-12,,2026-09-01T06:00:00Z
A00587,P0500,D04,IN,2024-05-17,,2026-09-01T06:00:00Z
A00588,P0501,D03,US,2023-03-17,,2026-09-01T06:00:00Z
A00589,P0502,D01,US,2024-09-14,,2026-09-01T06:00:00Z
A00590,P0503,D05,UK,2023-05-10,,2026-09-01T06:00:00Z
A00591,P0504,D05,UK,2024-10-10,2025-01-08,2026-09-01T06:00:00Z
A00592,P0504,D01,UK,2025-01-08,2025-11-06,2026-09-01T06:00:00Z
A00593,P0505,D04,UK,2024-06-27,,2026-09-01T06:00:00Z
A00594,P0506,D04,IN,2024-06-01,,2026-09-01T06:00:00Z
A00595,P0507,D01,IN,2023-04-12,,2026-09-01T06:00:00Z
A00596,P0508,D05,IN,2025-05-23,,2026-09-01T06:00:00Z
A00597,P0509,D04,US,2025-01-08,,2026-09-01T06:00:00Z
A00598,P0510,D04,US,2024-04-07,,2026-09-01T06:00:00Z
A00599,P0511,D04,UK,2023-12-14,2024-03-13,2026-09-01T06:00:00Z
A00600,P0511,D05,UK,2024-03-13,,2026-09-01T06:00:00Z
A00601,P0512,D01,IN,2024-03-01,,2026-09-01T06:00:00Z
A00602,P0513,D03,UK,2023-11-17,2025-03-28,2026-09-01T06:00:00Z
A00603,P0514,D04,US,2024-01-19,,2026-09-01T06:00:00Z
A00604,P0515,D01,US,2023-03-10,,2026-09-01T06:00:00Z
A00605,P0516,D01,UK,2023-04-06,,2026-09-01T06:00:00Z
A00606,P0517,D03,IN,2025-02-01,,2026-09-01T06:00:00Z
A00607,P0518,D05,US,2025-04-11,2025-07-10,2026-09-01T06:00:00Z
A00608,P0518,D01,US,2025-07-10,,2026-09-01T06:00:00Z
A00609,P0519,D05,IN,2023-03-03,,2026-09-01T06:00:00Z
A00610,P0520,D01,UK,2024-07-29,,2026-09-01T06:00:00Z
A00611,P0521,D04,UK,2024-02-25,,2026-09-01T06:00:00Z
A00612,P0522,D05,UK,2025-06-07,2025-09-27,2026-09-01T06:00:00Z
A00613,P0523,D01,UK,2023-11-16,,2026-09-01T06:00:00Z
A00614,P0524,D02,IN,2024-08-14,,2026-09-01T06:00:00Z
A00615,P0525,D04,IN,2023-06-08,2023-09-06,2026-09-01T06:00:00Z
A00616,P0525,D05,IN,2023-09-06,,2026-09-01T06:00:00Z
A00617,P0526,D03,US,2023-08-18,,2026-09-01T06:00:00Z
A00618,P0527,D03,IN,2025-05-15,,2026-09-01T06:00:00Z
A00619,P0528,D05,UK,2023-04-28,,2026-09-01T06:00:00Z
A00620,P0529,D05,UK,2023-08-20,,2026-09-01T06:00:00Z
A00621,P0530,D05,IN,2025-09-24,,2026-09-01T06:00:00Z
A00622,P0531,D03,IN,2024-11-22,2025-02-16,2026-09-01T06:00:00Z
A00623,P0532,D03,US,2023-01-30,2023-04-30,2026-09-01T06:00:00Z
A00624,P0532,D04,US,2023-04-30,,2026-09-01T06:00:00Z
A00625,P0533,D03,UK,2024-12-20,,2026-09-01T06:00:00Z
A00626,P0534,D02,US,2023-12-26,,2026-09-01T06:00:00Z
A00627,P0535,D05,US,2025-06-09,,2026-09-01T06:00:00Z
A00628,P0536,D01,UK,2024-11-04,,2026-09-01T06:00:00Z
A00629,P0537,D01,IN,2023-05-26,,2026-09-01T06:00:00Z
A00630,P0538,D05,IN,2023-04-04,,2026-09-01T06:00:00Z
A00631,P0539,D04,UK,2023-08-09,2023-11-07,2026-09-01T06:00:00Z
A00632,P0539,D05,UK,2023-11-07,,2026-09-01T06:00:00Z
A00633,P0540,D03,US,2024-04-09,2025-05-23,2026-09-01T06:00:00Z
A00634,P0541,D03,IN,2023-11-16,,2026-09-01T06:00:00Z
A00635,P0542,D05,IN,2025-03-06,,2026-09-01T06:00:00Z
A00636,P0543,D02,US,2023-03-28,,2026-09-01T06:00:00Z
A00637,P0544,D01,IN,2023-06-11,,2026-09-01T06:00:00Z
A00638,P0545,D03,US,2024-11-21,,2026-09-01T06:00:00Z
A00639,P0546,D04,IN,2024-03-29,2024-06-27,2026-09-01T06:00:00Z
A00640,P0546,D05,IN,2024-06-27,,2026-09-01T06:00:00Z
A00641,P0547,D04,IN,2024-05-12,,2026-09-01T06:00:00Z
A00642,P0548,D02,UK,2024-02-29,,2026-09-01T06:00:00Z
A00643,P0549,D03,US,2025-02-12,2026-09-19,2026-09-01T06:00:00Z
A00644,P0550,D03,US,2024-03-16,,2026-09-01T06:00:00Z
A00645,P0551,D05,IN,2024-11-25,,2026-09-01T06:00:00Z
A00646,P0552,D03,IN,2024-05-13,,2026-09-01T06:00:00Z
A00647,P0553,D04,US,2023-02-16,2023-05-17,2026-09-01T06:00:00Z
A00648,P0553,D05,US,2023-05-17,,2026-09-01T06:00:00Z
A00649,P0554,D01,US,2024-09-05,,2026-09-01T06:00:00Z
A00650,P0555,D02,UK,2023-07-29,,2026-09-01T06:00:00Z
A00651,P0556,D03,US,2025-02-24,,2026-09-01T06:00:00Z
A00652,P0557,D01,UK,2023-10-24,,2026-09-01T06:00:00Z
A00653,P0558,D04,IN,2023-01-08,2024-07-30,2026-09-01T06:00:00Z
A00654,P0559,D04,US,2023-06-29,,2026-09-01T06:00:00Z
A00655,P0560,D02,IN,2024-06-29,2024-09-27,2026-09-01T06:00:00Z
A00656,P0560,D03,IN,2024-09-27,,2026-09-01T06:00:00Z
A00657,P0561,D03,IN,2024-05-27,,2026-09-01T06:00:00Z
A00658,P0562,D01,UK,2023-03-15,,2026-09-01T06:00:00Z
A00659,P0563,D04,US,2024-03-22,,2026-09-01T06:00:00Z
A00660,P0564,D03,US,2025-08-01,,2026-09-01T06:00:00Z
A00661,P0565,D05,UK,2024-08-12,,2026-09-01T06:00:00Z
A00662,P0566,D04,IN,2024-02-19,,2026-09-01T06:00:00Z
A00663,P0567,D01,UK,2023-10-24,2024-01-22,2026-09-01T06:00:00Z
A00664,P0567,D02,UK,2024-01-22,2024-04-18,2026-09-01T06:00:00Z
A00665,P0568,D02,UK,2025-09-16,,2026-09-01T06:00:00Z
A00666,P0569,D04,IN,2025-03-31,,2026-09-01T06:00:00Z
A00667,P0570,D03,IN,2025-05-01,,2026-09-01T06:00:00Z
A00668,P0571,D01,UK,2023-04-01,,2026-09-01T06:00:00Z
A00669,P0572,D05,UK,2023-09-07,,2026-09-01T06:00:00Z
A00670,P0573,D01,IN,2024-02-15,,2026-09-01T06:00:00Z
A00671,P0574,D03,UK,2024-02-10,2024-05-10,2026-09-01T06:00:00Z
A00672,P0574,D04,UK,2024-05-10,,2026-09-01T06:00:00Z
A00673,P0575,D02,UK,2023-08-15,,2026-09-01T06:00:00Z
A00674,P0576,D01,IN,2023-03-20,2024-10-22,2026-09-01T06:00:00Z
A00675,P0577,D02,IN,2024-06-27,,2026-09-01T06:00:00Z
A00676,P0578,D03,UK,2025-07-16,,2026-09-01T06:00:00Z
A00677,P0579,D02,IN,2025-01-14,,2026-09-01T06:00:00Z
A00678,P0580,D02,US,2023-08-30,,2026-09-01T06:00:00Z
A00679,P0581,D02,US,2023-09-20,2023-12-19,2026-09-01T06:00:00Z
A00680,P0581,D03,US,2023-12-19,,2026-09-01T06:00:00Z
A00681,P0582,D01,US,2024-09-08,,2026-09-01T06:00:00Z
A00682,P0583,D04,IN,2023-07-01,,2026-09-01T06:00:00Z
A00683,P0584,D05,IN,2024-04-20,,2026-09-01T06:00:00Z
A00684,P0585,D03,IN,2024-04-04,2025-04-29,2026-09-01T06:00:00Z
A00685,P0586,D01,UK,2023-06-04,,2026-09-01T06:00:00Z
A00686,P0587,D03,UK,2024-04-25,,2026-09-01T06:00:00Z
A00687,P0588,D05,UK,2025-03-26,2025-06-24,2026-09-01T06:00:00Z
A00688,P0588,D01,UK,2025-06-24,,2026-09-01T06:00:00Z
A00689,P0589,D05,UK,2023-02-27,,2026-09-01T06:00:00Z
A00690,P0590,D04,UK,2023-03-17,,2026-09-01T06:00:00Z
A00691,P0591,D01,US,2024-04-07,,2026-09-01T06:00:00Z
A00692,P0592,D01,UK,2024-01-13,,2026-09-01T06:00:00Z
A00693,P0593,D05,US,2024-10-22,,2026-09-01T06:00:00Z
A00694,P0594,D04,UK,2024-08-31,2026-04-02,2026-09-01T06:00:00Z
A00695,P0595,D01,IN,2024-08-17,2024-11-15,2026-09-01T06:00:00Z
A00696,P0595,D02,IN,2024-11-15,,2026-09-01T06:00:00Z
A00697,P0596,D02,IN,2024-04-05,,2026-09-01T06:00:00Z
A00698,P0597,D04,IN,2023-11-26,,2026-09-01T06:00:00Z
A00699,P0598,D01,US,2024-05-28,,2026-09-01T06:00:00Z
A00700,P0599,D03,US,2024-04-06,,2026-09-01T06:00:00Z
A00701,P0600,D05,US,2025-01-01,,2026-09-01T06:00:00Z
A00702,P0601,D01,US,2024-10-23,,2026-09-01T06:00:00Z
A00703,P0602,D04,IN,2023-09-11,2023-12-10,2026-09-01T06:00:00Z
A00704,P0602,D05,IN,2023-12-10,,2026-09-01T06:00:00Z
A00705,P0603,D05,IN,2024-03-25,2025-11-11,2026-09-01T06:00:00Z
A00706,P0604,D03,UK,2023-06-12,,2026-09-01T06:00:00Z
A00707,P0605,D04,UK,2025-07-28,,2026-09-01T06:00:00Z
A00708,P0606,D05,UK,2024-02-23,,2026-09-01T06:00:00Z
A00709,P0607,D03,IN,2023-02-23,,2026-09-01T06:00:00Z
A00710,P0608,D01,UK,2023-03-09,,2026-09-01T06:00:00Z
A00711,P0609,D04,IN,2024-07-25,2024-10-23,2026-09-01T06:00:00Z
A00712,P0609,D05,IN,2024-10-23,,2026-09-01T06:00:00Z
A00713,P0610,D05,UK,2023-10-18,,2026-09-01T06:00:00Z
A00714,P0611,D03,US,2025-06-13,,2026-09-01T06:00:00Z
A00715,P0612,D03,UK,2023-03-25,2023-10-15,2026-09-01T06:00:00Z
A00716,P0613,D04,IN,2025-09-17,,2026-09-01T06:00:00Z
A00717,P0614,D01,IN,2023-05-13,,2026-09-01T06:00:00Z
A00718,P0615,D04,IN,2023-11-14,,2026-09-01T06:00:00Z
A00719,P0616,D02,UK,2024-10-20,2025-01-18,2026-09-01T06:00:00Z
A00720,P0616,D03,UK,2025-01-18,,2026-09-01T06:00:00Z
A00721,P0617,D05,IN,2024-11-17,,2026-09-01T06:00:00Z
A00722,P0618,D04,IN,2023-04-06,,2026-09-01T06:00:00Z
A00723,P0619,D01,UK,2024-06-04,,2026-09-01T06:00:00Z
A00724,P0620,D02,UK,2024-01-07,,2026-09-01T06:00:00Z
A00725,P0621,D04,UK,2025-08-31,2026-06-06,2026-09-01T06:00:00Z
A00726,P0622,D02,US,2023-07-16,,2026-09-01T06:00:00Z
A00727,P0623,D03,US,2023-06-08,2023-09-06,2026-09-01T06:00:00Z
A00728,P0623,D04,US,2023-09-06,,2026-09-01T06:00:00Z
A00729,P0624,D05,US,2025-05-14,,2026-09-01T06:00:00Z
A00730,P0625,D05,IN,2025-02-28,,2026-09-01T06:00:00Z
A00731,P0626,D03,IN,2023-02-08,,2026-09-01T06:00:00Z
A00732,P0627,D02,IN,2025-06-16,,2026-09-01T06:00:00Z
A00733,P0628,D02,UK,2024-09-03,,2026-09-01T06:00:00Z
A00734,P0629,D05,US,2023-06-16,,2026-09-01T06:00:00Z
A00735,P0630,D04,IN,2025-04-08,2025-07-07,2026-09-01T06:00:00Z
A00736,P0630,D05,IN,2025-07-07,2025-11-23,2026-09-01T06:00:00Z
A00737,P0631,D03,UK,2023-02-14,,2026-09-01T06:00:00Z
A00738,P0632,D02,IN,2024-11-23,,2026-09-01T06:00:00Z
A00739,P0633,D05,UK,2025-09-19,,2026-09-01T06:00:00Z
A00740,P0634,D04,IN,2023-10-19,,2026-09-01T06:00:00Z
A00741,P0635,D02,IN,2023-08-28,,2026-09-01T06:00:00Z
A00742,P0636,D02,UK,2023-11-13,,2026-09-01T06:00:00Z
A00743,P0637,D05,IN,2024-01-12,2024-04-11,2026-09-01T06:00:00Z
A00744,P0637,D01,IN,2024-04-11,,2026-09-01T06:00:00Z
A00745,P0638,D03,UK,2024-03-27,,2026-09-01T06:00:00Z
A00746,P0639,D05,IN,2025-03-07,2026-06-01,2026-09-01T06:00:00Z
A00747,P0640,D02,US,2024-03-04,,2026-09-01T06:00:00Z
A00748,P0641,D02,IN,2025-03-31,,2026-09-01T06:00:00Z
A00749,P0642,D01,UK,2025-06-12,,2026-09-01T06:00:00Z
A00750,P0643,D03,UK,2024-10-18,,2026-09-01T06:00:00Z
A00751,P0644,D05,US,2024-07-21,2024-10-19,2026-09-01T06:00:00Z
A00752,P0644,D01,US,2024-10-19,,2026-09-01T06:00:00Z
A00753,P0645,D03,US,2025-05-21,,2026-09-01T06:00:00Z
A00754,P0646,D03,US,2023-03-27,,2026-09-01T06:00:00Z
A00755,P0647,D02,IN,2024-04-05,,2026-09-01T06:00:00Z
A00756,P0648,D02,US,2025-04-30,2026-09-19,2026-09-01T06:00:00Z
A00757,P0649,D03,UK,2025-04-16,,2026-09-01T06:00:00Z
A00758,P0650,D04,US,2025-08-10,,2026-09-01T06:00:00Z
A00759,P0651,D05,UK,2023-02-24,2023-05-25,2026-09-01T06:00:00Z
A00760,P0651,D01,UK,2023-05-25,,2026-09-01T06:00:00Z
A00761,P0652,D04,US,2024-01-18,,2026-09-01T06:00:00Z
A00762,P0653,D02,UK,2023-03-25,,2026-09-01T06:00:00Z
A00763,P0654,D01,UK,2023-01-29,,2026-09-01T06:00:00Z
A00764,P0655,D03,IN,2025-05-09,,2026-09-01T06:00:00Z
A00765,P0656,D02,US,2025-03-21,,2026-09-01T06:00:00Z
A00766,P0657,D02,UK,2023-02-09,2024-01-28,2026-09-01T06:00:00Z
A00767,P0658,D04,IN,2025-02-16,2025-05-17,2026-09-01T06:00:00Z
A00768,P0658,D05,IN,2025-05-17,,2026-09-01T06:00:00Z
A00769,P0659,D01,IN,2024-04-04,,2026-09-01T06:00:00Z
A00770,P0660,D01,US,2025-07-16,,2026-09-01T06:00:00Z
A00771,P0661,D02,US,2023-09-20,,2026-09-01T06:00:00Z
A00772,P0662,D05,IN,2024-07-15,,2026-09-01T06:00:00Z
A00773,P0663,D01,UK,2024-06-24,,2026-09-01T06:00:00Z
A00774,P0664,D02,UK,2025-03-05,,2026-09-01T06:00:00Z
A00775,P0665,D01,US,2023-11-05,2024-02-03,2026-09-01T06:00:00Z
A00776,P0665,D02,US,2024-02-03,,2026-09-01T06:00:00Z
A00777,P0666,D05,IN,2023-09-02,2025-01-03,2026-09-01T06:00:00Z
A00778,P0667,D01,US,2024-04-13,,2026-09-01T06:00:00Z
A00779,P0668,D05,UK,2025-05-06,,2026-09-01T06:00:00Z
A00780,P0669,D05,US,2024-07-02,,2026-09-01T06:00:00Z
A00781,P0670,D02,US,2024-08-11,,2026-09-01T06:00:00Z
A00782,P0671,D01,UK,2023-10-26,,2026-09-01T06:00:00Z
A00783,P0672,D02,UK,2024-09-21,2024-12-20,2026-09-01T06:00:00Z
A00784,P0672,D03,UK,2024-12-20,,2026-09-01T06:00:00Z
A00785,P0673,D02,UK,2024-08-07,,2026-09-01T06:00:00Z
A00786,P0674,D01,IN,2024-11-11,,2026-09-01T06:00:00Z
A00787,P0675,D05,US,2024-06-20,2025-08-23,2026-09-01T06:00:00Z
A00788,P0676,D05,IN,2024-07-11,,2026-09-01T06:00:00Z
A00789,P0677,D04,US,2024-07-21,,2026-09-01T06:00:00Z
A00790,P0678,D01,UK,2025-06-13,,2026-09-01T06:00:00Z
A00791,P0679,D03,UK,2024-10-12,2025-01-10,2026-09-01T06:00:00Z
A00792,P0679,D04,UK,2025-01-10,,2026-09-01T06:00:00Z
A00793,P0680,D01,IN,2023-09-17,,2026-09-01T06:00:00Z
A00794,P0681,D03,US,2024-01-01,,2026-09-01T06:00:00Z
A00795,P0682,D01,IN,2023-09-04,,2026-09-01T06:00:00Z
A00796,P0683,D03,IN,2025-03-01,,2026-09-01T06:00:00Z
A00797,P0684,D05,UK,2023-05-17,2023-08-30,2026-09-01T06:00:00Z
A00798,P0685,D02,IN,2023-12-13,,2026-09-01T06:00:00Z
A00799,P0686,D04,IN,2025-04-30,2025-07-29,2026-09-01T06:00:00Z
A00800,P0686,D05,IN,2025-07-29,,2026-09-01T06:00:00Z
A00801,P0687,D02,UK,2024-12-13,,2026-09-01T06:00:00Z
A00802,P0688,D01,US,2025-04-10,,2026-09-01T06:00:00Z
A00803,P0689,D01,UK,2025-01-03,,2026-09-01T06:00:00Z
A00804,P0690,D01,US,2023-10-28,,2026-09-01T06:00:00Z
A00805,P0691,D01,US,2025-03-21,,2026-09-01T06:00:00Z
A00806,P0692,D05,UK,2023-11-20,,2026-09-01T06:00:00Z
A00807,P0693,D01,UK,2024-02-12,2024-05-12,2026-09-01T06:00:00Z
A00808,P0693,D02,UK,2024-05-12,2025-08-09,2026-09-01T06:00:00Z
A00809,P0694,D02,IN,2025-02-10,,2026-09-01T06:00:00Z
A00810,P0695,D01,UK,2023-10-20,,2026-09-01T06:00:00Z
A00811,P0696,D03,IN,2025-06-05,,2026-09-01T06:00:00Z
A00812,P0697,D03,US,2023-10-07,,2026-09-01T06:00:00Z
A00813,P0698,D04,UK,2024-03-23,,2026-09-01T06:00:00Z
A00814,P0699,D03,UK,2025-07-05,,2026-09-01T06:00:00Z
A00815,P0700,D04,US,2025-09-24,2025-12-23,2026-09-01T06:00:00Z
A00816,P0700,D05,US,2025-12-23,,2026-09-01T06:00:00Z
A00817,P0701,D03,UK,2024-12-09,,2026-09-01T06:00:00Z
A00818,P0702,D01,UK,2025-08-04,2027-03-18,2026-09-01T06:00:00Z
A00819,P0703,D01,UK,2025-01-14,,2026-09-01T06:00:00Z
A00820,P0704,D02,IN,2024-03-16,,2026-09-01T06:00:00Z
A00821,P0705,D03,UK,2024-07-12,,2026-09-01T06:00:00Z
A00822,P0706,D03,US,2023-04-16,,2026-09-01T06:00:00Z
A00823,P0707,D03,UK,2024-11-07,2025-02-05,2026-09-01T06:00:00Z
A00824,P0707,D04,UK,2025-02-05,,2026-09-01T06:00:00Z
A00825,P0708,D04,IN,2024-04-01,,2026-09-01T06:00:00Z
A00826,P0709,D04,IN,2023-06-20,,2026-09-01T06:00:00Z
A00827,P0710,D01,UK,2023-12-26,,2026-09-01T06:00:00Z
A00828,P0711,D04,IN,2025-01-14,2026-03-11,2026-09-01T06:00:00Z
A00829,P0712,D01,IN,2023-10-09,,2026-09-01T06:00:00Z
A00830,P0713,D04,IN,2023-03-18,,2026-09-01T06:00:00Z
A00831,P0714,D02,IN,2024-01-08,2024-04-07,2026-09-01T06:00:00Z
A00832,P0714,D03,IN,2024-04-07,,2026-09-01T06:00:00Z
A00833,P0715,D02,US,2025-09-02,,2026-09-01T06:00:00Z
A00834,P0716,D04,IN,2025-05-19,,2026-09-01T06:00:00Z
A00835,P0717,D01,US,2023-02-05,,2026-09-01T06:00:00Z
A00836,P0718,D03,IN,2023-08-30,,2026-09-01T06:00:00Z
A00837,P0719,D05,UK,2024-01-06,,2026-09-01T06:00:00Z
A00838,P0720,D04,IN,2023-02-03,2023-09-08,2026-09-01T06:00:00Z
A00839,P0721,D03,UK,2025-08-29,2025-11-27,2026-09-01T06:00:00Z
A00840,P0721,D04,UK,2025-11-27,,2026-09-01T06:00:00Z
A00841,P0722,D05,US,2024-03-30,,2026-09-01T06:00:00Z
A00842,P0723,D03,IN,2023-05-21,,2026-09-01T06:00:00Z
A00843,P0724,D03,UK,2024-02-12,,2026-09-01T06:00:00Z
A00844,P0725,D01,US,2023-09-13,,2026-09-01T06:00:00Z
A00845,P0726,D04,US,2025-01-23,,2026-09-01T06:00:00Z
A00846,P0727,D05,UK,2024-06-14,,2026-09-01T06:00:00Z
A00847,P0728,D03,UK,2023-05-01,2023-07-30,2026-09-01T06:00:00Z
A00848,P0728,D04,UK,2023-07-30,,2026-09-01T06:00:00Z
A00849,P0729,D05,US,2024-12-21,2026-05-21,2026-09-01T06:00:00Z
A00850,P0730,D04,IN,2023-10-20,,2026-09-01T06:00:00Z
A00851,P0731,D02,US,2023-07-24,,2026-09-01T06:00:00Z
A00852,P0732,D04,US,2025-05-23,,2026-09-01T06:00:00Z
A00853,P0733,D04,IN,2023-06-26,,2026-09-01T06:00:00Z
A00854,P0734,D03,IN,2023-03-31,,2026-09-01T06:00:00Z
A00855,P0735,D01,UK,2024-11-14,2025-02-12,2026-09-01T06:00:00Z
A00856,P0735,D02,UK,2025-02-12,,2026-09-01T06:00:00Z
A00857,P0736,D03,IN,2024-07-17,,2026-09-01T06:00:00Z
A00858,P0737,D02,UK,2025-07-01,,2026-09-01T06:00:00Z
A00859,P0738,D05,UK,2024-12-29,2025-08-24,2026-09-01T06:00:00Z
A00860,P0739,D02,US,2023-08-18,,2026-09-01T06:00:00Z
A00861,P0740,D02,US,2025-03-22,,2026-09-01T06:00:00Z
A00862,P0741,D01,UK,2025-03-20,,2026-09-01T06:00:00Z
A00863,P0742,D05,IN,2024-01-05,2024-04-04,2026-09-01T06:00:00Z
A00864,P0742,D01,IN,2024-04-04,,2026-09-01T06:00:00Z
A00865,P0743,D05,UK,2024-01-13,,2026-09-01T06:00:00Z
A00866,P0744,D01,IN,2023-05-13,,2026-09-01T06:00:00Z
A00867,P0745,D04,UK,2023-03-09,,2026-09-01T06:00:00Z
A00868,P0746,D04,IN,2025-01-04,,2026-09-01T06:00:00Z
A00869,P0747,D05,UK,2024-06-22,2025-10-15,2026-09-01T06:00:00Z
A00870,P0748,D03,US,2023-03-17,,2026-09-01T06:00:00Z
A00871,P0749,D04,US,2024-10-19,2025-01-17,2026-09-01T06:00:00Z
A00872,P0749,D05,US,2025-01-17,,2026-09-01T06:00:00Z
A00873,P0750,D05,IN,2024-04-22,,2026-09-01T06:00:00Z
A00874,P0751,D05,US,2023-12-19,,2026-09-01T06:00:00Z
A00875,P0752,D02,IN,2024-10-17,,2026-09-01T06:00:00Z
A00876,P0753,D04,US,2025-02-25,,2026-09-01T06:00:00Z
A00877,P0754,D01,US,2024-05-29,,2026-09-01T06:00:00Z
A00878,P0755,D03,US,2024-06-14,,2026-09-01T06:00:00Z
A00879,P0756,D02,UK,2023-06-18,2023-09-16,2026-09-01T06:00:00Z
A00880,P0756,D03,UK,2023-09-16,2024-01-29,2026-09-01T06:00:00Z
A00881,P0757,D03,IN,2023-12-21,,2026-09-01T06:00:00Z
A00882,P0758,D03,US,2025-05-16,,2026-09-01T06:00:00Z
A00883,P0759,D05,IN,2023-07-21,,2026-09-01T06:00:00Z
A00884,P0760,D03,US,2023-10-09,,2026-09-01T06:00:00Z
A00885,P0761,D01,IN,2024-09-21,,2026-09-01T06:00:00Z
A00886,P0762,D02,IN,2024-05-29,,2026-09-01T06:00:00Z
A00887,P0763,D02,IN,2024-08-29,2024-11-27,2026-09-01T06:00:00Z
A00888,P0763,D03,IN,2024-11-27,,2026-09-01T06:00:00Z
A00889,P0764,D05,IN,2023-06-25,,2026-09-01T06:00:00Z
A00890,P0765,D01,IN,2025-01-07,2026-02-16,2026-09-01T06:00:00Z
A00891,P0766,D01,US,2025-04-25,,2026-09-01T06:00:00Z
A00892,P0767,D05,IN,2023-02-16,,2026-09-01T06:00:00Z
A00893,P0768,D02,IN,2023-09-29,,2026-09-01T06:00:00Z
A00894,P0769,D04,IN,2025-02-24,,2026-09-01T06:00:00Z
A00895,P0770,D01,IN,2024-09-24,2024-12-23,2026-09-01T06:00:00Z
A00896,P0770,D02,IN,2024-12-23,,2026-09-01T06:00:00Z
A00897,P0771,D05,IN,2024-05-24,,2026-09-01T06:00:00Z
A00898,P0772,D03,IN,2023-10-24,,2026-09-01T06:00:00Z
A00899,P0773,D04,US,2024-05-09,,2026-09-01T06:00:00Z
A00900,P0774,D01,US,2023-11-01,2025-04-08,2026-09-01T06:00:00Z
A00901,P0775,D04,UK,2023-06-11,,2026-09-01T06:00:00Z
A00902,P0776,D02,UK,2024-05-10,,2026-09-01T06:00:00Z
A00903,P0777,D02,IN,2023-12-15,2024-03-14,2026-09-01T06:00:00Z
A00904,P0777,D03,IN,2024-03-14,,2026-09-01T06:00:00Z
A00905,P0778,D03,IN,2023-11-17,,2026-09-01T06:00:00Z
A00906,P0779,D04,UK,2025-01-21,,2026-09-01T06:00:00Z
A00907,P0780,D05,UK,2023-05-14,,2026-09-01T06:00:00Z
A00908,P0781,D03,US,2024-07-29,,2026-09-01T06:00:00Z
A00909,P0782,D01,UK,2023-09-05,,2026-09-01T06:00:00Z
A00910,P0783,D02,US,2023-10-01,2025-03-04,2026-09-01T06:00:00Z
A00911,P0784,D03,US,2023-04-10,2023-07-09,2026-09-01T06:00:00Z
A00912,P0784,D04,US,2023-07-09,,2026-09-01T06:00:00Z
A00913,P0785,D05,UK,2025-08-26,,2026-09-01T06:00:00Z
A00914,P0786,D02,US,2024-03-04,,2026-09-01T06:00:00Z
A00915,P0787,D05,UK,2025-04-13,,2026-09-01T06:00:00Z
A00916,P0788,D02,UK,2025-01-08,,2026-09-01T06:00:00Z
A00917,P0789,D04,US,2025-02-20,,2026-09-01T06:00:00Z
A00918,P0790,D04,UK,2024-06-11,,2026-09-01T06:00:00Z
A00919,P0791,D04,UK,2025-06-19,2025-09-17,2026-09-01T06:00:00Z
A00920,P0791,D05,UK,2025-09-17,,2026-09-01T06:00:00Z
A00921,P0792,D05,UK,2023-01-24,2023-06-25,2026-09-01T06:00:00Z
A00922,P0793,D02,US,2024-04-13,,2026-09-01T06:00:00Z
A00923,P0794,D01,UK,2024-08-20,,2026-09-01T06:00:00Z
A00924,P0795,D04,UK,2023-02-21,,2026-09-01T06:00:00Z
A00925,P0796,D04,IN,2024-09-03,,2026-09-01T06:00:00Z
A00926,P0797,D01,IN,2023-10-20,,2026-09-01T06:00:00Z
A00927,P0798,D04,US,2025-05-17,2025-08-15,2026-09-01T06:00:00Z
A00928,P0798,D05,US,2025-08-15,,2026-09-01T06:00:00Z
A00929,P0799,D03,UK,2023-05-18,,2026-09-01T06:00:00Z
A00930,P0800,D03,UK,2025-02-21,,2026-09-01T06:00:00Z
A00931,P0801,D05,US,2023-02-16,2024-05-31,2026-09-01T06:00:00Z
A00932,P0802,D03,US,2024-07-29,,2026-09-01T06:00:00Z
A00933,P0803,D01,UK,2024-07-20,,2026-09-01T06:00:00Z
A00934,P0804,D04,IN,2024-01-31,,2026-09-01T06:00:00Z
A00935,P0805,D03,IN,2025-02-21,2025-05-22,2026-09-01T06:00:00Z
A00936,P0805,D04,IN,2025-05-22,,2026-09-01T06:00:00Z
A00937,P0806,D05,IN,2025-04-25,,2026-09-01T06:00:00Z
A00938,P0807,D01,US,2023-05-02,,2026-09-01T06:00:00Z
A00939,P0808,D03,UK,2024-02-08,,2026-09-01T06:00:00Z
A00940,P0809,D02,UK,2024-07-25,,2026-09-01T06:00:00Z
A00941,P0810,D05,UK,2023-07-23,2025-02-23,2026-09-01T06:00:00Z
A00942,P0811,D01,US,2023-02-11,,2026-09-01T06:00:00Z
A00943,P0812,D03,IN,2023-05-21,2023-08-19,2026-09-01T06:00:00Z
A00944,P0812,D04,IN,2023-08-19,,2026-09-01T06:00:00Z
A00945,P0813,D05,UK,2025-04-03,,2026-09-01T06:00:00Z
A00946,P0814,D05,US,2024-04-12,,2026-09-01T06:00:00Z
A00947,P0815,D02,IN,2025-07-03,,2026-09-01T06:00:00Z
A00948,P0816,D03,IN,2023-12-02,,2026-09-01T06:00:00Z
A00949,P0817,D05,UK,2023-06-16,,2026-09-01T06:00:00Z
A00950,P0818,D05,UK,2025-01-27,,2026-09-01T06:00:00Z
A00951,P0819,D05,IN,2023-12-11,2024-03-10,2026-09-01T06:00:00Z
A00952,P0819,D01,IN,2024-03-10,2025-07-12,2026-09-01T06:00:00Z
A00953,P0820,D05,IN,2024-05-16,,2026-09-01T06:00:00Z
A00954,P0821,D01,UK,2023-11-03,,2026-09-01T06:00:00Z
A00955,P0822,D01,UK,2024-01-13,,2026-09-01T06:00:00Z
A00956,P0823,D03,IN,2024-03-02,,2026-09-01T06:00:00Z
A00957,P0824,D01,IN,2025-03-26,,2026-09-01T06:00:00Z
A00958,P0825,D03,UK,2024-09-03,,2026-09-01T06:00:00Z
A00959,P0826,D05,IN,2025-09-17,2025-12-16,2026-09-01T06:00:00Z
A00960,P0826,D01,IN,2025-12-16,,2026-09-01T06:00:00Z
A00961,P0827,D01,US,2024-08-14,,2026-09-01T06:00:00Z
A00962,P0828,D05,US,2024-08-20,2026-02-22,2026-09-01T06:00:00Z
A00963,P0829,D05,IN,2024-10-06,,2026-09-01T06:00:00Z
A00964,P0830,D02,UK,2025-03-04,,2026-09-01T06:00:00Z
A00965,P0831,D02,IN,2025-04-21,,2026-09-01T06:00:00Z
A00966,P0832,D01,IN,2023-02-02,,2026-09-01T06:00:00Z
A00967,P0833,D04,US,2023-07-15,2023-10-13,2026-09-01T06:00:00Z
A00968,P0833,D05,US,2023-10-13,,2026-09-01T06:00:00Z
A00969,P0834,D02,UK,2023-11-18,,2026-09-01T06:00:00Z
A00970,P0835,D02,IN,2024-02-27,,2026-09-01T06:00:00Z
A00971,P0836,D05,IN,2024-02-25,,2026-09-01T06:00:00Z
A00972,P0837,D01,IN,2025-07-31,2027-01-24,2026-09-01T06:00:00Z
A00973,P0838,D05,US,2024-12-23,,2026-09-01T06:00:00Z
A00974,P0839,D03,IN,2023-08-01,,2026-09-01T06:00:00Z
A00975,P0840,D05,UK,2024-11-09,2025-02-07,2026-09-01T06:00:00Z
A00976,P0840,D01,UK,2025-02-07,,2026-09-01T06:00:00Z
A00977,P0841,D02,UK,2024-01-21,,2026-09-01T06:00:00Z
A00978,P0842,D03,IN,2024-04-15,,2026-09-01T06:00:00Z
A00979,P0843,D03,UK,2024-07-13,,2026-09-01T06:00:00Z
A00980,P0844,D02,UK,2024-09-16,,2026-09-01T06:00:00Z
A00981,P0845,D03,US,2025-09-07,,2026-09-01T06:00:00Z
A00982,P0846,D03,US,2024-07-25,2025-07-25,2026-09-01T06:00:00Z
A00983,P0847,D02,UK,2025-02-28,2025-05-29,2026-09-01T06:00:00Z
A00984,P0847,D03,UK,2025-05-29,,2026-09-01T06:00:00Z
A00985,P0848,D04,IN,2024-12-07,,2026-09-01T06:00:00Z
A00986,P0849,D03,UK,2023-11-21,,2026-09-01T06:00:00Z
A00987,P0850,D03,IN,2024-07-27,,2026-09-01T06:00:00Z
A00988,P0851,D05,US,2023-10-22,,2026-09-01T06:00:00Z
A00989,P0852,D04,IN,2024-11-23,,2026-09-01T06:00:00Z
A00990,P0853,D03,UK,2025-07-06,,2026-09-01T06:00:00Z
A00991,P0854,D03,US,2025-09-04,2025-12-03,2026-09-01T06:00:00Z
A00992,P0854,D04,US,2025-12-03,,2026-09-01T06:00:00Z
A00993,P0855,D01,IN,2023-02-13,2024-02-02,2026-09-01T06:00:00Z
A00994,P0856,D03,UK,2023-12-21,,2026-09-01T06:00:00Z
A00995,P0857,D02,UK,2025-02-04,,2026-09-01T06:00:00Z
A00996,P0858,D03,IN,2023-07-26,,2026-09-01T06:00:00Z
A00997,P0859,D03,IN,2025-08-13,,2026-09-01T06:00:00Z
A00998,P0860,D05,US,2023-05-21,,2026-09-01T06:00:00Z
A00999,P0861,D02,IN,2025-01-28,2025-04-28,2026-09-01T06:00:00Z
A01000,P0861,D03,IN,2025-04-28,,2026-09-01T06:00:00Z
A01001,P0862,D05,US,2023-09-06,,2026-09-01T06:00:00Z
A01002,P0863,D02,IN,2023-08-20,,2026-09-01T06:00:00Z
A01003,P0864,D03,UK,2023-02-23,2023-08-04,2026-09-01T06:00:00Z
A01004,P0865,D01,UK,2025-01-04,,2026-09-01T06:00:00Z
A01005,P0866,D01,US,2024-11-28,,2026-09-01T06:00:00Z
A01006,P0867,D02,IN,2025-09-14,,2026-09-01T06:00:00Z
A01007,P0868,D04,IN,2024-02-21,2024-05-21,2026-09-01T06:00:00Z
A01008,P0868,D05,IN,2024-05-21,,2026-09-01T06:00:00Z
A01009,P0869,D02,IN,2024-05-03,,2026-09-01T06:00:00Z
A01010,P0870,D03,UK,2025-02-13,,2026-09-01T06:00:00Z
A01011,P0871,D01,IN,2023-10-20,,2026-09-01T06:00:00Z
A01012,P0872,D05,US,2025-07-18,,2026-09-01T06:00:00Z
A01013,P0873,D04,US,2023-08-26,2023-12-02,2026-09-01T06:00:00Z
A01014,P0874,D01,US,2025-06-22,,2026-09-01T06:00:00Z
A01015,P0875,D04,UK,2025-05-06,2025-08-04,2026-09-01T06:00:00Z
A01016,P0875,D05,UK,2025-08-04,,2026-09-01T06:00:00Z
A01017,P0876,D03,IN,2023-07-10,,2026-09-01T06:00:00Z
A01018,P0877,D01,US,2025-06-16,,2026-09-01T06:00:00Z
A01019,P0878,D05,IN,2023-11-02,,2026-09-01T06:00:00Z
A01020,P0879,D03,UK,2023-04-20,,2026-09-01T06:00:00Z
A01021,P0880,D05,IN,2024-04-10,,2026-09-01T06:00:00Z
A01022,P0881,D02,UK,2024-06-20,,2026-09-01T06:00:00Z
A01023,P0882,D03,UK,2025-05-21,2025-08-19,2026-09-01T06:00:00Z
A01024,P0882,D04,UK,2025-08-19,2026-12-18,2026-09-01T06:00:00Z
A01025,P0883,D03,US,2023-07-17,,2026-09-01T06:00:00Z
A01026,P0884,D04,IN,2023-06-16,,2026-09-01T06:00:00Z
A01027,P0885,D02,UK,2024-10-25,,2026-09-01T06:00:00Z
A01028,P0886,D03,IN,2023-01-15,,2026-09-01T06:00:00Z
A01029,P0887,D05,UK,2025-03-20,,2026-09-01T06:00:00Z
A01030,P0888,D02,US,2024-11-21,,2026-09-01T06:00:00Z
A01031,P0889,D04,IN,2024-09-17,2024-12-16,2026-09-01T06:00:00Z
A01032,P0889,D05,IN,2024-12-16,,2026-09-01T06:00:00Z
A01033,P0890,D05,UK,2025-04-26,,2026-09-01T06:00:00Z
A01034,P0891,D01,UK,2023-12-02,2024-04-28,2026-09-01T06:00:00Z
A01035,P0892,D04,US,2023-07-09,,2026-09-01T06:00:00Z
A01036,P0893,D01,US,2023-11-28,,2026-09-01T06:00:00Z
A01037,P0894,D02,UK,2023-09-25,,2026-09-01T06:00:00Z
A01038,P0895,D03,UK,2024-04-02,,2026-09-01T06:00:00Z
A01039,P0896,D05,IN,2023-11-06,2024-02-04,2026-09-01T06:00:00Z
A01040,P0896,D01,IN,2024-02-04,,2026-09-01T06:00:00Z
A01041,P0897,D03,UK,2023-01-12,,2026-09-01T06:00:00Z
A01042,P0898,D01,US,2024-12-10,,2026-09-01T06:00:00Z
A01043,P0899,D04,US,2024-11-14,,2026-09-01T06:00:00Z
A01044,P0900,D05,UK,2023-11-11,2024-06-21,2026-09-01T06:00:00Z
A01045,P0901,D03,IN,2025-08-03,,2026-09-01T06:00:00Z
A01046,P0902,D03,US,2024-12-07,,2026-09-01T06:00:00Z
A01047,P0903,D02,IN,2024-01-12,2024-04-11,2026-09-01T06:00:00Z
A01048,P0903,D03,IN,2024-04-11,,2026-09-01T06:00:00Z
A01049,P0904,D04,US,2023-08-13,,2026-09-01T06:00:00Z
A01050,P0905,D05,UK,2023-06-06,,2026-09-01T06:00:00Z
A01051,P0906,D05,UK,2024-01-18,,2026-09-01T06:00:00Z
A01052,P0907,D05,UK,2025-07-23,,2026-09-01T06:00:00Z
A01053,P0908,D02,IN,2025-04-01,,2026-09-01T06:00:00Z
A01054,P0909,D05,IN,2025-02-19,2025-12-29,2026-09-01T06:00:00Z
A01055,P0910,D05,US,2025-06-13,2025-09-11,2026-09-01T06:00:00Z
A01056,P0910,D01,US,2025-09-11,,2026-09-01T06:00:00Z
A01057,P0911,D03,IN,2024-04-02,,2026-09-01T06:00:00Z
A01058,P0912,D01,IN,2023-03-21,,2026-09-01T06:00:00Z
A01059,P0913,D05,IN,2023-03-05,,2026-09-01T06:00:00Z
A01060,P0914,D05,IN,2023-07-27,,2026-09-01T06:00:00Z
A01061,P0915,D03,US,2023-06-03,,2026-09-01T06:00:00Z
A01062,P0916,D04,IN,2025-05-24,,2026-09-01T06:00:00Z
A01063,P0917,D02,IN,2023-04-30,2023-07-29,2026-09-01T06:00:00Z
A01064,P0917,D03,IN,2023-07-29,,2026-09-01T06:00:00Z
A01065,P0918,D05,US,2025-01-04,2026-07-18,2026-09-01T06:00:00Z
A01066,P0919,D04,US,2024-04-01,,2026-09-01T06:00:00Z
A01067,P0920,D04,IN,2023-05-16,,2026-09-01T06:00:00Z
A01068,P0921,D01,IN,2024-04-12,,2026-09-01T06:00:00Z
A01069,P0922,D03,UK,2024-07-26,,2026-09-01T06:00:00Z
A01070,P0923,D04,US,2025-01-10,,2026-09-01T06:00:00Z
A01071,P0924,D02,US,2023-09-18,2023-12-17,2026-09-01T06:00:00Z
A01072,P0924,D03,US,2023-12-17,,2026-09-01T06:00:00Z
A01073,P0925,D01,US,2024-08-15,,2026-09-01T06:00:00Z
A01074,P0926,D01,UK,2024-03-09,,2026-09-01T06:00:00Z
A01075,P0927,D04,US,2024-07-08,2024-11-06,2026-09-01T06:00:00Z
A01076,P0928,D04,UK,2023-02-02,,2026-09-01T06:00:00Z
A01077,P0929,D04,US,2023-07-04,,2026-09-01T06:00:00Z
A01078,P0930,D04,UK,2024-01-19,,2026-09-01T06:00:00Z
A01079,P0931,D04,UK,2025-06-09,2025-09-07,2026-09-01T06:00:00Z
A01080,P0931,D05,UK,2025-09-07,,2026-09-01T06:00:00Z
A01081,P0932,D05,IN,2023-03-24,,2026-09-01T06:00:00Z
A01082,P0933,D03,IN,2023-05-17,,2026-09-01T06:00:00Z
A01083,P0934,D05,US,2023-05-02,,2026-09-01T06:00:00Z
A01084,P0935,D02,IN,2024-02-07,,2026-09-01T06:00:00Z
A01085,P0936,D01,US,2025-01-15,2025-10-30,2026-09-01T06:00:00Z
A01086,P0937,D05,UK,2023-11-02,,2026-09-01T06:00:00Z
A01087,P0938,D04,IN,2024-03-10,2024-06-08,2026-09-01T06:00:00Z
A01088,P0938,D05,IN,2024-06-08,,2026-09-01T06:00:00Z
A01089,P0939,D02,US,2025-04-23,,2026-09-01T06:00:00Z
A01090,P0940,D02,UK,2024-04-16,,2026-09-01T06:00:00Z
A01091,P0941,D01,US,2023-10-10,,2026-09-01T06:00:00Z
A01092,P0942,D04,IN,2023-02-02,,2026-09-01T06:00:00Z
A01093,P0943,D02,US,2024-09-21,,2026-09-01T06:00:00Z
A01094,P0944,D01,US,2023-07-31,,2026-09-01T06:00:00Z
A01095,P0945,D05,UK,2024-08-31,2024-11-29,2026-09-01T06:00:00Z
A01096,P0945,D01,UK,2024-11-29,2024-12-03,2026-09-01T06:00:00Z
A01097,P0946,D01,IN,2024-11-19,,2026-09-01T06:00:00Z
A01098,P0947,D01,IN,2023-09-08,,2026-09-01T06:00:00Z
A01099,P0948,D02,UK,2024-02-16,,2026-09-01T06:00:00Z
A01100,P0949,D01,US,2024-07-06,,2026-09-01T06:00:00Z
A01101,P0950,D03,IN,2023-05-24,,2026-09-01T06:00:00Z
A01102,P0951,D05,IN,2023-08-28,,2026-09-01T06:00:00Z
A01103,P0952,D05,IN,2023-11-23,2024-02-21,2026-09-01T06:00:00Z
A01104,P0952,D01,IN,2024-02-21,,2026-09-01T06:00:00Z
A01105,P0953,D03,IN,2025-03-02,,2026-09-01T06:00:00Z
A01106,P0954,D05,US,2023-08-31,2024-09-03,2026-09-01T06:00:00Z
A01107,P0955,D03,UK,2023-08-15,,2026-09-01T06:00:00Z
A01108,P0956,D05,US,2023-10-09,,2026-09-01T06:00:00Z
A01109,P0957,D02,IN,2025-08-29,,2026-09-01T06:00:00Z
A01110,P0958,D04,IN,2024-10-03,,2026-09-01T06:00:00Z
A01111,P0959,D01,UK,2024-07-23,2024-10-21,2026-09-01T06:00:00Z
A01112,P0959,D02,UK,2024-10-21,,2026-09-01T06:00:00Z
A01113,P0960,D04,UK,2025-09-22,,2026-09-01T06:00:00Z
A01114,P0961,D03,IN,2025-03-15,,2026-09-01T06:00:00Z
A01115,P0962,D04,UK,2024-12-14,,2026-09-01T06:00:00Z
A01116,P0963,D02,UK,2023-06-02,2024-06-03,2026-09-01T06:00:00Z
A01117,P0964,D04,IN,2025-02-11,,2026-09-01T06:00:00Z
A01118,P0965,D03,US,2023-09-04,,2026-09-01T06:00:00Z
A01119,P0966,D02,IN,2025-05-28,2025-08-26,2026-09-01T06:00:00Z
A01120,P0966,D03,IN,2025-08-26,,2026-09-01T06:00:00Z
A01121,P0967,D01,UK,2025-04-05,,2026-09-01T06:00:00Z
A01122,P0968,D04,UK,2024-07-29,,2026-09-01T06:00:00Z
A01123,P0969,D02,IN,2024-07-24,,2026-09-01T06:00:00Z
A01124,P0970,D03,US,2024-02-02,,2026-09-01T06:00:00Z
A01125,P0971,D01,UK,2023-07-28,,2026-09-01T06:00:00Z
A01126,P0972,D01,UK,2025-08-02,2027-01-04,2026-09-01T06:00:00Z
A01127,P0973,D02,IN,2024-07-02,2024-09-30,2026-09-01T06:00:00Z
A01128,P0973,D03,IN,2024-09-30,,2026-09-01T06:00:00Z
A01129,P0974,D04,UK,2023-02-22,,2026-09-01T06:00:00Z
A01130,P0975,D05,IN,2024-11-20,,2026-09-01T06:00:00Z
A01131,P0976,D02,US,2023-02-10,,2026-09-01T06:00:00Z
A01132,P0977,D05,IN,2025-04-03,,2026-09-01T06:00:00Z
A01133,P0978,D02,UK,2023-08-11,,2026-09-01T06:00:00Z
A01134,P0979,D03,UK,2025-06-09,,2026-09-01T06:00:00Z
A01135,P0980,D02,US,2025-09-06,2025-12-05,2026-09-01T06:00:00Z
A01136,P0980,D03,US,2025-12-05,,2026-09-01T06:00:00Z
A01137,P0981,D01,IN,2025-08-17,2026-04-28,2026-09-01T06:00:00Z
A01138,P0982,D02,UK,2025-02-03,,2026-09-01T06:00:00Z
A01139,P0983,D02,IN,2024-12-13,,2026-09-01T06:00:00Z
A01140,P0984,D05,US,2024-02-11,,2026-09-01T06:00:00Z
A01141,P0985,D04,UK,2023-11-26,,2026-09-01T06:00:00Z
A01142,P0986,D03,IN,2024-04-22,,2026-09-01T06:00:00Z
A01143,P0987,D03,UK,2023-11-12,2024-02-10,2026-09-01T06:00:00Z
A01144,P0987,D04,UK,2024-02-10,,2026-09-01T06:00:00Z
A01145,P0988,D04,UK,2024-06-09,,2026-09-01T06:00:00Z
A01146,P0989,D04,IN,2023-04-11,,2026-09-01T06:00:00Z
A01147,P0990,D03,US,2025-02-18,2026-03-12,2026-09-01T06:00:00Z
A01148,P0991,D01,UK,2023-11-17,,2026-09-01T06:00:00Z
A01149,P0992,D02,US,2024-07-30,,2026-09-01T06:00:00Z
A01150,P0993,D05,UK,2023-01-17,,2026-09-01T06:00:00Z
A01151,P0994,D05,IN,2025-08-15,2025-11-13,2026-09-01T06:00:00Z
A01152,P0994,D01,IN,2025-11-13,,2026-09-01T06:00:00Z
A01153,P0995,D03,UK,2025-01-07,,2026-09-01T06:00:00Z
A01154,P0996,D03,US,2023-06-06,,2026-09-01T06:00:00Z
A01155,P0997,D05,UK,2023-08-24,,2026-09-01T06:00:00Z
A01156,P0998,D04,US,2025-05-03,,2026-09-01T06:00:00Z
A01157,P0999,D04,UK,2024-07-17,2025-08-26,2026-09-01T06:00:00Z
A01158,P1000,D04,IN,2025-09-16,,2026-09-01T06:00:00Z
A01159,P1001,D03,US,2024-04-16,2024-07-15,2026-09-01T06:00:00Z
A01160,P1001,D04,US,2024-07-15,,2026-09-01T06:00:00Z
A01161,P1002,D05,US,2023-06-23,,2026-09-01T06:00:00Z
A01162,P1003,D05,US,2024-05-15,,2026-09-01T06:00:00Z
A01163,P1004,D05,US,2024-10-19,,2026-09-01T06:00:00Z
A01164,P1005,D01,US,2023-02-04,,2026-09-01T06:00:00Z
A01165,P1006,D04,US,2025-02-21,,2026-09-01T06:00:00Z
A01166,P1007,D02,IN,2023-05-21,,2026-09-01T06:00:00Z
A01167,P1008,D02,US,2023-03-11,2023-06-09,2026-09-01T06:00:00Z
A01168,P1008,D03,US,2023-06-09,2023-10-11,2026-09-01T06:00:00Z
A01169,P1009,D03,UK,2024-06-01,,2026-09-01T06:00:00Z
A01170,P1010,D05,IN,2023-03-03,,2026-09-01T06:00:00Z
A01171,P1011,D04,UK,2025-07-23,,2026-09-01T06:00:00Z
A01172,P1012,D05,US,2023-01-17,,2026-09-01T06:00:00Z
A01173,P1013,D01,UK,2024-07-18,,2026-09-01T06:00:00Z
A01174,P1014,D03,IN,2023-01-18,,2026-09-01T06:00:00Z
A01175,P1015,D01,UK,2024-07-02,2024-09-30,2026-09-01T06:00:00Z
A01176,P1015,D02,UK,2024-09-30,,2026-09-01T06:00:00Z
A01177,P1016,D04,IN,2024-05-29,,2026-09-01T06:00:00Z
A01178,P1017,D01,US,2025-04-05,2025-12-04,2026-09-01T06:00:00Z
A01179,P1018,D02,US,2024-06-20,,2026-09-01T06:00:00Z
A01180,P1019,D05,IN,2023-07-16,,2026-09-01T06:00:00Z
A01181,P1020,D03,UK,2023-09-16,,2026-09-01T06:00:00Z
A01182,P1021,D01,UK,2025-03-25,,2026-09-01T06:00:00Z
A01183,P1022,D04,UK,2024-01-18,2024-04-17,2026-09-01T06:00:00Z
A01184,P1022,D05,UK,2024-04-17,,2026-09-01T06:00:00Z
A01185,P1023,D02,US,2024-08-01,,2026-09-01T06:00:00Z
A01186,P1024,D01,IN,2023-11-04,,2026-09-01T06:00:00Z
A01187,P1025,D01,IN,2024-10-31,,2026-09-01T06:00:00Z
A01188,P1026,D04,UK,2023-04-06,2024-07-24,2026-09-01T06:00:00Z
A01189,P1027,D01,UK,2024-07-19,,2026-09-01T06:00:00Z
A01190,P1028,D02,US,2024-10-14,,2026-09-01T06:00:00Z
A01191,P1029,D04,UK,2023-03-26,2023-06-24,2026-09-01T06:00:00Z
A01192,P1029,D05,UK,2023-06-24,,2026-09-01T06:00:00Z
A01193,P1030,D05,UK,2024-10-22,,2026-09-01T06:00:00Z
A01194,P1031,D05,US,2025-05-28,,2026-09-01T06:00:00Z
A01195,P1032,D02,US,2025-07-30,,2026-09-01T06:00:00Z
A01196,P1033,D05,IN,2023-08-05,,2026-09-01T06:00:00Z
A01197,P1034,D01,UK,2024-05-01,,2026-09-01T06:00:00Z
A01198,P1035,D03,IN,2025-08-04,2025-12-18,2026-09-01T06:00:00Z
A01199,P1036,D05,IN,2025-07-09,2025-10-07,2026-09-01T06:00:00Z
A01200,P1036,D01,IN,2025-10-07,,2026-09-01T06:00:00Z
A01201,P1037,D02,US,2024-11-04,,2026-09-01T06:00:00Z
A01202,P1038,D01,UK,2025-08-09,,2026-09-01T06:00:00Z
A01203,P1039,D05,US,2025-09-11,,2026-09-01T06:00:00Z
A01204,P1040,D04,IN,2023-05-28,,2026-09-01T06:00:00Z
A01205,P1041,D03,US,2025-08-09,,2026-09-01T06:00:00Z
A01206,P1042,D02,IN,2023-06-16,,2026-09-01T06:00:00Z
A01207,P1043,D05,UK,2024-08-03,2024-11-01,2026-09-01T06:00:00Z
A01208,P1043,D01,UK,2024-11-01,,2026-09-01T06:00:00Z
A01209,P1044,D02,IN,2023-12-06,2025-03-03,2026-09-01T06:00:00Z
A01210,P1045,D01,IN,2025-03-20,,2026-09-01T06:00:00Z
A01211,P1046,D03,IN,2024-05-27,,2026-09-01T06:00:00Z
A01212,P1047,D04,US,2023-02-24,,2026-09-01T06:00:00Z
A01213,P1048,D03,US,2023-08-26,,2026-09-01T06:00:00Z
A01214,P1049,D05,IN,2024-09-11,,2026-09-01T06:00:00Z
A01215,P1050,D01,UK,2024-02-11,2024-05-11,2026-09-01T06:00:00Z
A01216,P1050,D02,UK,2024-05-11,,2026-09-01T06:00:00Z
A01217,P1051,D04,UK,2024-10-11,,2026-09-01T06:00:00Z
A01218,P1052,D03,US,2024-05-17,,2026-09-01T06:00:00Z
A01219,P1053,D02,UK,2024-07-20,2025-10-07,2026-09-01T06:00:00Z
A01220,P1054,D04,IN,2024-11-27,,2026-09-01T06:00:00Z
A01221,P1055,D03,IN,2023-03-29,,2026-09-01T06:00:00Z
A01222,P1056,D01,US,2025-03-28,,2026-09-01T06:00:00Z
A01223,P1057,D02,UK,2023-03-26,2023-06-24,2026-09-01T06:00:00Z
A01224,P1057,D03,UK,2023-06-24,,2026-09-01T06:00:00Z
A01225,P1058,D02,IN,2024-01-25,,2026-09-01T06:00:00Z
A01226,P1059,D03,UK,2025-01-27,,2026-09-01T06:00:00Z
A01227,P1060,D01,US,2024-01-05,,2026-09-01T06:00:00Z
A01228,P1061,D04,UK,2023-01-06,,2026-09-01T06:00:00Z
A01229,P1062,D02,US,2024-01-04,2024-12-05,2026-09-01T06:00:00Z
A01230,P1063,D04,US,2023-03-31,,2026-09-01T06:00:00Z
A01231,P1064,D05,IN,2024-04-04,2024-07-03,2026-09-01T06:00:00Z
A01232,P1064,D01,IN,2024-07-03,,2026-09-01T06:00:00Z
A01233,P1065,D01,UK,2024-06-08,,2026-09-01T06:00:00Z
A01234,P1066,D03,US,2023-01-27,,2026-09-01T06:00:00Z
A01235,P1067,D05,US,2024-07-21,,2026-09-01T06:00:00Z
A01236,P1068,D04,UK,2024-09-04,,2026-09-01T06:00:00Z
A01237,P1069,D04,UK,2023-01-13,,2026-09-01T06:00:00Z
A01238,P1070,D05,US,2024-02-02,,2026-09-01T06:00:00Z
A01239,P1071,D05,IN,2025-07-15,2025-10-13,2026-09-01T06:00:00Z
A01240,P1071,D01,IN,2025-10-13,2026-05-19,2026-09-01T06:00:00Z
A01241,P1072,D04,IN,2023-06-23,,2026-09-01T06:00:00Z
A01242,P1073,D03,US,2023-06-23,,2026-09-01T06:00:00Z
A01243,P1074,D04,UK,2023-11-05,,2026-09-01T06:00:00Z
A01244,P1075,D02,US,2023-05-30,,2026-09-01T06:00:00Z
A01245,P1076,D04,UK,2024-03-21,,2026-09-01T06:00:00Z
A01246,P1077,D01,UK,2023-11-03,,2026-09-01T06:00:00Z
A01247,P1078,D02,UK,2024-01-05,2024-04-04,2026-09-01T06:00:00Z
A01248,P1078,D03,UK,2024-04-04,,2026-09-01T06:00:00Z
A01249,P1079,D04,IN,2025-01-08,,2026-09-01T06:00:00Z
A01250,P1080,D01,UK,2024-08-31,2025-05-18,2026-09-01T06:00:00Z
A01251,P1081,D01,UK,2023-05-19,,2026-09-01T06:00:00Z
A01252,P1082,D03,UK,2025-08-29,,2026-09-01T06:00:00Z
A01253,P1083,D04,IN,2025-05-11,,2026-09-01T06:00:00Z
A01254,P1084,D04,UK,2025-04-03,,2026-09-01T06:00:00Z
A01255,P1085,D05,UK,2023-12-09,2024-03-08,2026-09-01T06:00:00Z
A01256,P1085,D01,UK,2024-03-08,,2026-09-01T06:00:00Z
A01257,P1086,D03,UK,2023-05-20,,2026-09-01T06:00:00Z
A01258,P1087,D02,IN,2024-09-09,,2026-09-01T06:00:00Z
A01259,P1088,D02,UK,2024-05-05,,2026-09-01T06:00:00Z
A01260,P1089,D03,UK,2025-09-14,2026-12-25,2026-09-01T06:00:00Z
A01261,P1090,D04,IN,2025-01-22,,2026-09-01T06:00:00Z
A01262,P1091,D02,IN,2025-09-17,,2026-09-01T06:00:00Z
A01263,P1092,D03,UK,2023-11-30,2024-02-28,2026-09-01T06:00:00Z
A01264,P1092,D04,UK,2024-02-28,,2026-09-01T06:00:00Z
A01265,P1093,D03,UK,2025-04-16,,2026-09-01T06:00:00Z
A01266,P1094,D02,IN,2023-04-27,,2026-09-01T06:00:00Z
A01267,P1095,D02,IN,2024-08-29,,2026-09-01T06:00:00Z
A01268,P1096,D01,IN,2024-11-29,,2026-09-01T06:00:00Z
A01269,P1097,D04,IN,2025-09-02,,2026-09-01T06:00:00Z
A01270,P1098,D03,UK,2025-08-23,2026-05-24,2026-09-01T06:00:00Z
A01271,P1099,D01,IN,2025-05-01,2025-07-30,2026-09-01T06:00:00Z
A01272,P1099,D02,IN,2025-07-30,,2026-09-01T06:00:00Z
A01273,P1100,D04,UK,2025-04-18,,2026-09-01T06:00:00Z
A01274,P1101,D03,IN,2023-05-23,,2026-09-01T06:00:00Z
A01275,P1102,D02,UK,2023-09-05,,2026-09-01T06:00:00Z
A01276,P1103,D04,UK,2025-01-02,,2026-09-01T06:00:00Z
A01277,P1104,D05,UK,2023-03-17,,2026-09-01T06:00:00Z
A01278,P1105,D04,IN,2024-05-05,,2026-09-01T06:00:00Z
A01279,P1106,D04,IN,2024-07-01,2024-09-29,2026-09-01T06:00:00Z
A01280,P1106,D05,IN,2024-09-29,,2026-09-01T06:00:00Z
A01281,P1107,D05,UK,2024-07-10,2024-10-15,2026-09-01T06:00:00Z
A01282,P1108,D01,IN,2024-08-31,,2026-09-01T06:00:00Z
A01283,P1109,D03,US,2023-04-22,,2026-09-01T06:00:00Z
A01284,P1110,D05,IN,2023-06-20,,2026-09-01T06:00:00Z
A01285,P1111,D04,IN,2023-02-15,,2026-09-01T06:00:00Z
A01286,P1112,D04,UK,2025-09-17,,2026-09-01T06:00:00Z
A01287,P1113,D01,US,2023-04-19,2023-07-18,2026-09-01T06:00:00Z
A01288,P1113,D02,US,2023-07-18,,2026-09-01T06:00:00Z
A01289,P1114,D05,US,2023-09-22,,2026-09-01T06:00:00Z
A01290,P1115,D05,IN,2025-02-03,,2026-09-01T06:00:00Z
A01291,P1116,D03,UK,2024-08-17,2025-05-30,2026-09-01T06:00:00Z
A01292,P1117,D05,UK,2024-02-05,,2026-09-01T06:00:00Z
A01293,P1118,D02,IN,2024-12-08,,2026-09-01T06:00:00Z
A01294,P1119,D04,US,2023-12-20,,2026-09-01T06:00:00Z
A01295,P1120,D04,UK,2023-04-18,2023-07-17,2026-09-01T06:00:00Z
A01296,P1120,D05,UK,2023-07-17,,2026-09-01T06:00:00Z
A01297,P1121,D01,US,2025-07-31,,2026-09-01T06:00:00Z
A01298,P1122,D02,IN,2025-05-01,,2026-09-01T06:00:00Z
A01299,P1123,D03,UK,2023-12-23,,2026-09-01T06:00:00Z
A01300,P1124,D05,US,2024-04-11,,2026-09-01T06:00:00Z
A01301,P1125,D01,UK,2024-05-09,2025-06-29,2026-09-01T06:00:00Z
A01302,P1126,D04,IN,2024-03-24,,2026-09-01T06:00:00Z
A01303,P1127,D03,US,2023-11-23,2024-02-21,2026-09-01T06:00:00Z
A01304,P1127,D04,US,2024-02-21,,2026-09-01T06:00:00Z
A01305,P1128,D01,IN,2023-02-15,,2026-09-01T06:00:00Z
A01306,P1129,D01,UK,2023-01-24,,2026-09-01T06:00:00Z
A01307,P1130,D02,US,2024-11-24,,2026-09-01T06:00:00Z
A01308,P1131,D05,US,2024-06-12,,2026-09-01T06:00:00Z
A01309,P1132,D05,UK,2023-06-13,,2026-09-01T06:00:00Z
A01310,P1133,D02,UK,2024-03-12,,2026-09-01T06:00:00Z
A01311,P1134,D02,IN,2025-03-27,2025-06-25,2026-09-01T06:00:00Z
A01312,P1134,D03,IN,2025-06-25,2026-07-14,2026-09-01T06:00:00Z
A01313,P1135,D04,IN,2023-07-10,,2026-09-01T06:00:00Z
A01314,P1136,D05,US,2024-02-10,,2026-09-01T06:00:00Z
A01315,P1137,D04,US,2025-06-23,,2026-09-01T06:00:00Z
A01316,P1138,D04,UK,2024-08-29,,2026-09-01T06:00:00Z
A01317,P1139,D02,IN,2023-01-05,,2026-09-01T06:00:00Z
A01318,P1140,D01,UK,2023-07-30,,2026-09-01T06:00:00Z
A01319,P1141,D05,US,2024-08-14,2024-11-12,2026-09-01T06:00:00Z
A01320,P1141,D01,US,2024-11-12,,2026-09-01T06:00:00Z
A01321,P1142,D03,UK,2023-07-11,,2026-09-01T06:00:00Z
A01322,P1143,D03,US,2023-07-21,2024-12-30,2026-09-01T06:00:00Z
A01323,P1144,D05,UK,2024-11-17,,2026-09-01T06:00:00Z
A01324,P1145,D03,IN,2025-09-16,,2026-09-01T06:00:00Z
A01325,P1146,D05,UK,2024-09-03,,2026-09-01T06:00:00Z
A01326,P1147,D01,IN,2024-02-06,,2026-09-01T06:00:00Z
A01327,P1148,D04,UK,2023-12-23,2024-03-22,2026-09-01T06:00:00Z
A01328,P1148,D05,UK,2024-03-22,,2026-09-01T06:00:00Z
A01329,P1149,D03,US,2024-09-24,,2026-09-01T06:00:00Z
A01330,P1150,D05,IN,2025-07-29,,2026-09-01T06:00:00Z
A01331,P1151,D02,IN,2023-03-28,,2026-09-01T06:00:00Z
A01332,P1152,D03,US,2023-11-17,2024-05-15,2026-09-01T06:00:00Z
A01333,P1153,D03,US,2023-04-30,,2026-09-01T06:00:00Z
A01334,P1154,D05,US,2024-12-11,,2026-09-01T06:00:00Z
A01335,P1155,D05,UK,2024-02-02,2024-05-02,2026-09-01T06:00:00Z
A01336,P1155,D01,UK,2024-05-02,,2026-09-01T06:00:00Z
A01337,P1156,D04,IN,2023-05-22,,2026-09-01T06:00:00Z
A01338,P1157,D04,US,2024-03-09,,2026-09-01T06:00:00Z
A01339,P1158,D02,IN,2024-10-12,,2026-09-01T06:00:00Z
A01340,P1159,D04,US,2024-07-22,,2026-09-01T06:00:00Z
A01341,P1160,D02,US,2023-10-23,,2026-09-01T06:00:00Z
A01342,P1161,D01,IN,2023-11-19,2025-04-23,2026-09-01T06:00:00Z
A01343,P1162,D01,UK,2025-06-05,2025-09-03,2026-09-01T06:00:00Z
A01344,P1162,D02,UK,2025-09-03,,2026-09-01T06:00:00Z
A01345,P1163,D02,US,2024-05-11,,2026-09-01T06:00:00Z
A01346,P1164,D05,UK,2025-04-14,,2026-09-01T06:00:00Z
A01347,P1165,D04,IN,2024-06-01,,2026-09-01T06:00:00Z
A01348,P1166,D04,IN,2024-02-23,,2026-09-01T06:00:00Z
A01349,P1167,D04,IN,2024-03-01,,2026-09-01T06:00:00Z
A01350,P1168,D01,US,2024-05-15,,2026-09-01T06:00:00Z
A01351,P1169,D02,US,2024-08-01,2024-10-30,2026-09-01T06:00:00Z
A01352,P1169,D03,US,2024-10-30,,2026-09-01T06:00:00Z
A01353,P1170,D02,UK,2023-10-27,2024-01-28,2026-09-01T06:00:00Z
A01354,P1171,D02,UK,2024-07-04,,2026-09-01T06:00:00Z
A01355,P1172,D05,UK,2025-03-10,,2026-09-01T06:00:00Z
A01356,P1173,D05,UK,2025-01-30,,2026-09-01T06:00:00Z
A01357,P1174,D05,US,2024-06-07,,2026-09-01T06:00:00Z
A01358,P1175,D05,UK,2023-04-27,,2026-09-01T06:00:00Z
A01359,P1176,D05,UK,2025-04-23,2025-07-22,2026-09-01T06:00:00Z
A01360,P1176,D01,UK,2025-07-22,,2026-09-01T06:00:00Z
A01361,P1177,D04,US,2025-04-22,,2026-09-01T06:00:00Z
A01362,P1178,D04,US,2024-07-13,,2026-09-01T06:00:00Z
A01363,P1179,D01,UK,2023-04-15,2024-02-22,2026-09-01T06:00:00Z
A01364,P1180,D03,UK,2024-04-05,,2026-09-01T06:00:00Z
A01365,P1181,D04,US,2025-06-01,,2026-09-01T06:00:00Z
A01366,P1182,D02,US,2025-06-05,,2026-09-01T06:00:00Z
A01367,P1183,D05,IN,2023-08-03,2023-11-01,2026-09-01T06:00:00Z
A01368,P1183,D01,IN,2023-11-01,,2026-09-01T06:00:00Z
A01369,P1184,D05,UK,2024-12-06,,2026-09-01T06:00:00Z
A01370,P1185,D02,UK,2024-10-09,,2026-09-01T06:00:00Z
A01371,P1186,D02,US,2024-09-22,,2026-09-01T06:00:00Z
A01372,P1187,D01,US,2025-04-13,,2026-09-01T06:00:00Z
A01373,P1188,D03,IN,2024-08-06,2025-09-29,2026-09-01T06:00:00Z
A01374,P1189,D02,IN,2024-09-03,,2026-09-01T06:00:00Z
A01375,P1190,D03,IN,2023-11-28,2024-02-26,2026-09-01T06:00:00Z
A01376,P1190,D04,IN,2024-02-26,,2026-09-01T06:00:00Z
A01377,P1191,D03,IN,2023-10-24,,2026-09-01T06:00:00Z
A01378,P1192,D01,IN,2025-09-02,,2026-09-01T06:00:00Z
A01379,P1193,D01,UK,2023-05-19,,2026-09-01T06:00:00Z
A01380,P1194,D02,IN,2023-10-11,,2026-09-01T06:00:00Z
A01381,P1195,D02,US,2024-12-19,,2026-09-01T06:00:00Z
A01382,P1196,D03,IN,2023-05-30,,2026-09-01T06:00:00Z
A01383,P1197,D04,IN,2025-04-28,2025-07-27,2026-09-01T06:00:00Z
A01384,P1197,D05,IN,2025-07-27,2026-03-07,2026-09-01T06:00:00Z
A01385,P1198,D05,US,2024-05-16,,2026-09-01T06:00:00Z
A01386,P1199,D04,UK,2024-10-09,,2026-09-01T06:00:00Z
A01387,P1200,D01,UK,2024-01-20,,2026-09-01T06:00:00Z
