source_row_id,person_id,display_name,worker_type,hire_date,termination_date,extracted_at
HR00001,P0001,Synthetic Person 0001,Employee,2024-01-01,,2026-09-01T06:00:00Z
HR00002,P0002,Synthetic Person 0002,Employee,2024-01-01,,2026-09-01T06:00:00Z
HR00003,P0003,Synthetic Person 0003,Employee,2024-01-01,,2026-09-01T06:00:00Z
HR00004,P0004,Synthetic Person 0004,Employee,2024-01-01,,2026-09-01T06:00:00Z
HR00005,P0005,Synthetic Person 0005,Employee,2024-01-01,,2026-09-01T06:00:00Z
HR00006,P0006,Synthetic Person 0006,Employee,2024-01-01,,2026-09-01T06:00:00Z
HR00007,P0007,Synthetic Person 0007,Employee,2024-01-01,,2026-09-01T06:00:00Z
HR00008,P0008,Synthetic Person 0008,Employee,2024-01-01,,2026-09-01T06:00:00Z
HR00009,P0009,Synthetic Person 0009,Employee,2024-01-01,,2026-09-01T06:00:00Z
HR00010,P0010,Synthetic Person 0010,Employee,2024-01-01,,2026-09-01T06:00:00Z
HR00011,P0011,Synthetic Person 0011,Employee,2024-01-01,,2026-09-01T06:00:00Z
HR00012,P0012,Synthetic Person 0012,Employee,2024-01-01,,2026-09-01T06:00:00Z
HR00013,P0013,Synthetic Person 0013,Employee,2024-01-01,,2026-09-01T06:00:00Z
HR00014,P0014,Synthetic Person 0014,Employee,2024-01-01,,2026-09-01T06:00:00Z
HR00015,P0015,Synthetic Person 0015,Employee,2024-01-01,,2026-09-01T06:00:00Z
HR00016,P0016,Synthetic Person 0016,Employee,2024-01-01,,2026-09-01T06:00:00Z
HR00017,P0017,Synthetic Person 0017,Employee,2024-01-01,,2026-09-01T06:00:00Z
HR00018,P0018,Synthetic Person 0018,Employee,2024-01-01,,2026-09-01T06:00:00Z
HR00019,P0019,Synthetic Person 0019,Employee,2024-01-01,,2026-09-01T06:00:00Z
HR00020,P0020,Synthetic Person 0020,Employee,2024-01-01,,2026-09-01T06:00:00Z
HR00021,P0021,Synthetic Person 0021,Employee,2026-08-20,,2026-09-01T06:00:00Z
HR00022,P0022,Synthetic Person 0022,Employee,2026-08-20,,2026-09-01T06:00:00Z
HR00023,P0023,Synthetic Person 0023,Employee,2026-08-20,,2026-09-01T06:00:00Z
HR00024,P0024,Synthetic Person 0024,Employee,2026-08-20,,2026-09-01T06:00:00Z
HR00025,P0025,Synthetic Person 0025,Employee,2026-08-20,,2026-09-01T06:00:00Z
HR00026,P0026,Synthetic Person 0026,Employee,2026-08-20,,2026-09-01T06:00:00Z
HR00027,P0027,Synthetic Person 0027,Employee,2026-08-20,,2026-09-01T06:00:00Z
HR00028,P0028,Synthetic Person 0028,Employee,2026-08-20,,2026-09-01T06:00:00Z
HR00029,P0029,Synthetic Person 0029,Employee,2026-08-20,,2026-09-01T06:00:00Z
HR00030,P0030,Synthetic Person 0030,Employee,2026-08-20,,2026-09-01T06:00:00Z
HR00031,P0031,Synthetic Person 0031,Employee,2024-01-01,2026-08-20,2026-09-01T06:00:00Z
HR00032,P0032,Synthetic Person 0032,Employee,2024-01-01,2026-08-20,2026-09-01T06:00:00Z
HR00033,P0033,Synthetic Person 0033,Employee,2024-01-01,2026-08-20,2026-09-01T06:00:00Z
HR00034,P0034,Synthetic Person 0034,Employee,2024-01-01,2026-08-20,2026-09-01T06:00:00Z
HR00035,P0035,Synthetic Person 0035,Employee,2024-01-01,2026-08-20,2026-09-01T06:00:00Z
HR00036,P0036,Synthetic Person 0036,Employee,2024-01-01,2026-08-20,2026-09-01T06:00:00Z
HR00037,P0037,Synthetic Person 0037,Employee,2024-01-01,2026-08-20,2026-09-01T06:00:00Z
HR00038,P0038,Synthetic Person 0038,Employee,2024-01-01,2026-08-20,2026-09-01T06:00:00Z
HR00039,P0039,Synthetic Person 0039,Employee,2024-01-01,2026-08-20,2026-09-01T06:00:00Z
HR00040,P0040,Synthetic Person 0040,Employee,2024-01-01,2026-08-20,2026-09-01T06:00:00Z
HR00041,P0041,Synthetic Person 0041,Employee,2026-08-28,,2026-09-01T06:00:00Z
HR00042,P0042,Synthetic Person 0042,Employee,2024-01-01,2026-08-28,2026-09-01T06:00:00Z
HR00043,P0043,Synthetic Person 0043,Employee,2024-06-05,,2026-09-01T06:00:00Z
HR00044,P0044,Synthetic Person 0044,Employee,2025-02-12,,2026-09-01T06:00:00Z
HR00045,P0045,Synthetic Person 0045,Employee,2023-06-06,2024-01-15,2026-09-01T06:00:00Z
HR00046,P0046,Synthetic Person 0046,Employee,2024-09-02,,2026-09-01T06:00:00Z
HR00047,P0047,Synthetic Person 0047,Employee,2024-01-26,,2026-09-01T06:00:00Z
HR00048,P0048,Synthetic Person 0048,Employee,2024-06-25,,2026-09-01T06:00:00Z
HR00049,P0049,Synthetic Person 0049,Employee,2025-05-31,,2026-09-01T06:00:00Z
HR00050,P0050,Synthetic Person 0050,Contractor,2024-11-29,,2026-09-01T06:00:00Z
HR00051,P0051,Synthetic Person 0051,Employee,2025-02-26,2022-01-01,2026-09-01T06:00:00Z
HR00052,P0052,Synthetic Person 0052,Employee,2023-04-25,2022-01-01,2026-09-01T06:00:00Z
HR00053,P0053,Synthetic Person 0053,Employee,2023-06-11,2022-01-01,2026-09-01T06:00:00Z
HR00054,P0054,Synthetic Person 0054,Employee,2025-09-03,2022-01-01,2026-09-01T06:00:00Z
HR00055,P0055,Synthetic Person 0055,Employee,2024-06-03,2022-01-01,2026-09-01T06:00:00Z
HR00056,P0056,Synthetic Person 0056,Employee,2025-05-11,,2026-09-01T06:00:00Z
HR00057,P0057,Synthetic Person 0057,Employee,2024-09-15,,2026-09-01T06:00:00Z
HR00058,P0058,Synthetic Person 0058,Employee,2024-01-18,,2026-09-01T06:00:00Z
HR00059,P0059,Synthetic Person 0059,Employee,2025-09-03,,2026-09-01T06:00:00Z
HR00060,P0060,Synthetic Person 0060,Contractor,2024-09-05,,2026-09-01T06:00:00Z
HR00061,P0061,Synthetic Person 0061,Employee,2023-01-20,,2026-09-01T06:00:00Z
HR00062,P0062,Synthetic Person 0062,Employee,2025-06-18,,2026-09-01T06:00:00Z
HR00063,P0063,Synthetic Person 0063,Employee,2023-03-01,2024-01-01,2026-09-01T06:00:00Z
HR00064,P0064,Synthetic Person 0064,Employee,2023-03-29,,2026-09-01T06:00:00Z
HR00065,P0065,Synthetic Person 0065,Employee,2025-04-15,,2026-09-01T06:00:00Z
HR00066,P0066,Synthetic Person 0066,Employee,2025-02-23,,2026-09-01T06:00:00Z
HR00067,P0067,Synthetic Person 0067,Employee,2024-11-06,,2026-09-01T06:00:00Z
HR00068,P0068,Synthetic Person 0068,Employee,2023-06-19,,2026-09-01T06:00:00Z
HR00069,P0069,Synthetic Person 0069,Employee,2025-06-12,,2026-09-01T06:00:00Z
HR00070,P0070,Synthetic Person 0070,Contractor,2025-09-14,,2026-09-01T06:00:00Z
HR00071,P0071,Synthetic Person 0071,Employee,2025-02-12,,2026-09-01T06:00:00Z
HR00072,P0072,Synthetic Person 0072,Employee,2024-12-31,2026-01-14,2026-09-01T06:00:00Z
HR00073,P0073,Synthetic Person 0073,Employee,2024-03-24,,2026-09-01T06:00:00Z
HR00074,P0074,Synthetic Person 0074,Employee,2023-05-04,,2026-09-01T06:00:00Z
HR00075,P0075,Synthetic Person 0075,Employee,2023-03-07,,2026-09-01T06:00:00Z
HR00076,P0076,Synthetic Person 0076,Employee,2024-08-25,,2026-09-01T06:00:00Z
HR00077,P0077,Synthetic Person 0077,Employee,2024-08-25,,2026-09-01T06:00:00Z
HR00078,P0078,Synthetic Person 0078,Employee,2023-03-14,,2026-09-01T06:00:00Z
HR00079,P0079,Synthetic Person 0079,Employee,2023-08-23,,2026-09-01T06:00:00Z
HR00080,P0080,Synthetic Person 0080,Contractor,2025-05-30,,2026-09-01T06:00:00Z
HR00081,P0081,Synthetic Person 0081,Employee,2024-06-10,2025-04-09,2026-09-01T06:00:00Z
HR00082,P0082,Synthetic Person 0082,Employee,2023-08-08,,2026-09-01T06:00:00Z
HR00083,P0083,Synthetic Person 0083,Employee,2025-01-10,,2026-09-01T06:00:00Z
HR00084,P0084,Synthetic Person 0084,Employee,2024-04-29,,2026-09-01T06:00:00Z
HR00085,P0085,Synthetic Person 0085,Employee,2025-04-06,,2026-09-01T06:00:00Z
HR00086,P0086,Synthetic Person 0086,Employee,2023-04-07,,2026-09-01T06:00:00Z
HR00087,P0087,Synthetic Person 0087,Employee,2023-12-29,,2026-09-01T06:00:00Z
HR00088,P0088,Synthetic Person 0088,Employee,2024-04-23,,2026-09-01T06:00:00Z
HR00089,P0089,Synthetic Person 0089,Employee,2024-11-20,,2026-09-01T06:00:00Z
HR00090,P0090,Synthetic Person 0090,Contractor,2023-03-04,2024-06-18,2026-09-01T06:00:00Z
HR00091,P0091,Synthetic Person 0091,Employee,2025-03-30,,2026-09-01T06:00:00Z
HR00092,P0092,Synthetic Person 0092,Employee,2023-07-16,,2026-09-01T06:00:00Z
HR00093,P0093,Synthetic Person 0093,Employee,2024-04-04,,2026-09-01T06:00:00Z
HR00094,P0094,Synthetic Person 0094,Employee,2023-07-07,,2026-09-01T06:00:00Z
HR00095,P0095,Synthetic Person 0095,Employee,2023-09-13,,2026-09-01T06:00:00Z
HR00096,P0096,Synthetic Person 0096,Employee,2025-04-07,,2026-09-01T06:00:00Z
HR00097,P0097,Synthetic Person 0097,Employee,2023-02-21,,2026-09-01T06:00:00Z
HR00098,P0098,Synthetic Person 0098,Employee,2025-05-06,,2026-09-01T06:00:00Z
HR00099,P0099,Synthetic Person 0099,Employee,2025-08-06,2026-06-04,2026-09-01T06:00:00Z
HR00100,P0100,Synthetic Person 0100,Contractor,2024-05-12,,2026-09-01T06:00:00Z
HR00101,P0101,Synthetic Person 0101,Employee,2025-06-04,,2026-09-01T06:00:00Z
HR00102,P0102,Synthetic Person 0102,Employee,2023-06-18,,2026-09-01T06:00:00Z
HR00103,P0103,Synthetic Person 0103,Employee,2024-02-04,,2026-09-01T06:00:00Z
HR00104,P0104,Synthetic Person 0104,Employee,2023-10-20,,2026-09-01T06:00:00Z
HR00105,P0105,Synthetic Person 0105,Employee,2024-11-08,,2026-09-01T06:00:00Z
HR00106,P0106,Synthetic Person 0106,Employee,2023-06-08,,2026-09-01T06:00:00Z
HR00107,P0107,Synthetic Person 0107,Employee,2023-08-11,,2026-09-01T06:00:00Z
HR00108,P0108,Synthetic Person 0108,Employee,2025-01-23,2025-05-25,2026-09-01T06:00:00Z
HR00109,P0109,Synthetic Person 0109,Employee,2023-02-28,,2026-09-01T06:00:00Z
HR00110,P0110,Synthetic Person 0110,Contractor,2024-05-03,,2026-09-01T06:00:00Z
HR00111,P0111,Synthetic Person 0111,Employee,2023-06-11,,2026-09-01T06:00:00Z
HR00112,P0112,Synthetic Person 0112,Employee,2023-03-24,,2026-09-01T06:00:00Z
HR00113,P0113,Synthetic Person 0113,Employee,2024-09-01,,2026-09-01T06:00:00Z
HR00114,P0114,Synthetic Person 0114,Employee,2024-02-18,,2026-09-01T06:00:00Z
HR00115,P0115,Synthetic Person 0115,Employee,2023-09-10,,2026-09-01T06:00:00Z
HR00116,P0116,Synthetic Person 0116,Employee,2023-02-10,,2026-09-01T06:00:00Z
HR00117,P0117,Synthetic Person 0117,Employee,2024-03-05,2025-10-21,2026-09-01T06:00:00Z
HR00118,P0118,Synthetic Person 0118,Employee,2023-07-29,,2026-09-01T06:00:00Z
HR00119,P0119,Synthetic Person 0119,Employee,2023-09-02,,2026-09-01T06:00:00Z
HR00120,P0120,Synthetic Person 0120,Contractor,2023-05-15,,2026-09-01T06:00:00Z
HR00121,P0121,Synthetic Person 0121,Employee,2024-04-13,,2026-09-01T06:00:00Z
HR00122,P0122,Synthetic Person 0122,Employee,2023-01-10,,2026-09-01T06:00:00Z
HR00123,P0123,Synthetic Person 0123,Employee,2024-07-30,,2026-09-01T06:00:00Z
HR00124,P0124,Synthetic Person 0124,Employee,2024-07-04,,2026-09-01T06:00:00Z
HR00125,P0125,Synthetic Person 0125,Employee,2023-09-29,,2026-09-01T06:00:00Z
HR00126,P0126,Synthetic Person 0126,Employee,2025-06-21,2025-10-29,2026-09-01T06:00:00Z
HR00127,P0127,Synthetic Person 0127,Employee,2023-10-19,,2026-09-01T06:00:00Z
HR00128,P0128,Synthetic Person 0128,Employee,2025-05-03,,2026-09-01T06:00:00Z
HR00129,P0129,Synthetic Person 0129,Employee,2024-09-18,,2026-09-01T06:00:00Z
HR00130,P0130,Synthetic Person 0130,Contractor,2023-01-09,,2026-09-01T06:00:00Z
HR00131,P0131,Synthetic Person 0131,Employee,2023-11-03,,2026-09-01T06:00:00Z
HR00132,P0132,Synthetic Person 0132,Employee,2025-08-19,,2026-09-01T06:00:00Z
HR00133,P0133,Synthetic Person 0133,Employee,2023-04-29,,2026-09-01T06:00:00Z
HR00134,P0134,Synthetic Person 0134,Employee,2023-06-09,,2026-09-01T06:00:00Z
HR00135,P0135,Synthetic Person 0135,Employee,2024-09-11,2025-06-13,2026-09-01T06:00:00Z
HR00136,P0136,Synthetic Person 0136,Employee,2023-07-28,,2026-09-01T06:00:00Z
HR00137,P0137,Synthetic Person 0137,Employee,2024-06-01,,2026-09-01T06:00:00Z
HR00138,P0138,Synthetic Person 0138,Employee,2025-07-16,,2026-09-01T06:00:00Z
HR00139,P0139,Synthetic Person 0139,Employee,2024-10-11,,2026-09-01T06:00:00Z
HR00140,P0140,Synthetic Person 0140,Contractor,2023-02-15,,2026-09-01T06:00:00Z
HR00141,P0141,Synthetic Person 0141,Employee,2025-02-28,,2026-09-01T06:00:00Z
HR00142,P0142,Synthetic Person 0142,Employee,2023-06-15,,2026-09-01T06:00:00Z
HR00143,P0143,Synthetic Person 0143,Employee,2024-07-18,,2026-09-01T06:00:00Z
HR00144,P0144,Synthetic Person 0144,Employee,2024-07-28,2024-10-05,2026-09-01T06:00:00Z
HR00145,P0145,Synthetic Person 0145,Employee,2025-08-25,,2026-09-01T06:00:00Z
HR00146,P0146,Synthetic Person 0146,Employee,2024-07-12,,2026-09-01T06:00:00Z
HR00147,P0147,Synthetic Person 0147,Employee,2024-08-19,,2026-09-01T06:00:00Z
HR00148,P0148,Synthetic Person 0148,Employee,2024-03-16,,2026-09-01T06:00:00Z
HR00149,P0149,Synthetic Person 0149,Employee,2023-11-12,,2026-09-01T06:00:00Z
HR00150,P0150,Synthetic Person 0150,Contractor,2025-07-09,,2026-09-01T06:00:00Z
HR00151,P0151,Synthetic Person 0151,Employee,2024-11-29,,2026-09-01T06:00:00Z
HR00152,P0152,Synthetic Person 0152,Employee,2023-12-29,,2026-09-01T06:00:00Z
HR00153,P0153,Synthetic Person 0153,Employee,2025-09-24,2026-04-30,2026-09-01T06:00:00Z
HR00154,P0154,Synthetic Person 0154,Employee,2025-09-26,,2026-09-01T06:00:00Z
HR00155,P0155,Synthetic Person 0155,Employee,2023-01-26,,2026-09-01T06:00:00Z
HR00156,P0156,Synthetic Person 0156,Employee,2025-03-12,,2026-09-01T06:00:00Z
HR00157,P0157,Synthetic Person 0157,Employee,2023-10-01,,2026-09-01T06:00:00Z
HR00158,P0158,Synthetic Person 0158,Employee,2024-01-27,,2026-09-01T06:00:00Z
HR00159,P0159,Synthetic Person 0159,Employee,2023-08-16,,2026-09-01T06:00:00Z
HR00160,P0160,Synthetic Person 0160,Contractor,2023-12-25,,2026-09-01T06:00:00Z
HR00161,P0161,Synthetic Person 0161,Employee,2023-08-17,,2026-09-01T06:00:00Z
HR00162,P0162,Synthetic Person 0162,Employee,2024-02-13,2025-03-15,2026-09-01T06:00:00Z
HR00163,P0163,Synthetic Person 0163,Employee,2025-09-17,,2026-09-01T06:00:00Z
HR00164,P0164,Synthetic Person 0164,Employee,2024-10-18,,2026-09-01T06:00:00Z
HR00165,P0165,Synthetic Person 0165,Employee,2024-11-26,,2026-09-01T06:00:00Z
HR00166,P0166,Synthetic Person 0166,Employee,2025-08-19,,2026-09-01T06:00:00Z
HR00167,P0167,Synthetic Person 0167,Employee,2025-06-17,,2026-09-01T06:00:00Z
HR00168,P0168,Synthetic Person 0168,Employee,2024-08-17,,2026-09-01T06:00:00Z
HR00169,P0169,Synthetic Person 0169,Employee,2023-04-22,,2026-09-01T06:00:00Z
HR00170,P0170,Synthetic Person 0170,Contractor,2023-12-20,,2026-09-01T06:00:00Z
HR00171,P0171,Synthetic Person 0171,Employee,2024-03-22,2025-10-26,2026-09-01T06:00:00Z
HR00172,P0172,Synthetic Person 0172,Employee,2025-07-10,,2026-09-01T06:00:00Z
HR00173,P0173,Synthetic Person 0173,Employee,2023-09-18,,2026-09-01T06:00:00Z
HR00174,P0174,Synthetic Person 0174,Employee,2023-01-02,,2026-09-01T06:00:00Z
HR00175,P0175,Synthetic Person 0175,Employee,2024-12-04,,2026-09-01T06:00:00Z
HR00176,P0176,Synthetic Person 0176,Employee,2024-01-08,,2026-09-01T06:00:00Z
HR00177,P0177,Synthetic Person 0177,Employee,2025-08-29,,2026-09-01T06:00:00Z
HR00178,P0178,Synthetic Person 0178,Employee,2024-09-30,,2026-09-01T06:00:00Z
HR00179,P0179,Synthetic Person 0179,Employee,2025-01-07,,2026-09-01T06:00:00Z
HR00180,P0180,Synthetic Person 0180,Contractor,2023-11-13,2025-03-05,2026-09-01T06:00:00Z
HR00181,P0181,Synthetic Person 0181,Employee,2024-12-14,,2026-09-01T06:00:00Z
HR00182,P0182,Synthetic Person 0182,Employee,2023-05-11,,2026-09-01T06:00:00Z
HR00183,P0183,Synthetic Person 0183,Employee,2024-11-11,,2026-09-01T06:00:00Z
HR00184,P0184,Synthetic Person 0184,Employee,2024-09-22,,2026-09-01T06:00:00Z
HR00185,P0185,Synthetic Person 0185,Employee,2024-02-20,,2026-09-01T06:00:00Z
HR00186,P0186,Synthetic Person 0186,Employee,2023-11-08,,2026-09-01T06:00:00Z
HR00187,P0187,Synthetic Person 0187,Employee,2024-03-16,,2026-09-01T06:00:00Z
HR00188,P0188,Synthetic Person 0188,Employee,2024-11-01,,2026-09-01T06:00:00Z
HR00189,P0189,Synthetic Person 0189,Employee,2024-03-28,2025-08-22,2026-09-01T06:00:00Z
HR00190,P0190,Synthetic Person 0190,Contractor,2024-06-07,,2026-09-01T06:00:00Z
HR00191,P0191,Synthetic Person 0191,Employee,2024-11-05,,2026-09-01T06:00:00Z
HR00192,P0192,Synthetic Person 0192,Employee,2024-06-11,,2026-09-01T06:00:00Z
HR00193,P0193,Synthetic Person 0193,Employee,2023-12-10,,2026-09-01T06:00:00Z
HR00194,P0194,Synthetic Person 0194,Employee,2024-11-19,,2026-09-01T06:00:00Z
HR00195,P0195,Synthetic Person 0195,Employee,2025-04-05,,2026-09-01T06:00:00Z
HR00196,P0196,Synthetic Person 0196,Employee,2023-01-26,,2026-09-01T06:00:00Z
HR00197,P0197,Synthetic Person 0197,Employee,2024-05-01,,2026-09-01T06:00:00Z
HR00198,P0198,Synthetic Person 0198,Employee,2024-04-11,2025-08-08,2026-09-01T06:00:00Z
HR00199,P0199,Synthetic Person 0199,Employee,2023-07-19,,2026-09-01T06:00:00Z
HR00200,P0200,Synthetic Person 0200,Contractor,2024-05-21,,2026-09-01T06:00:00Z
HR00201,P0201,Synthetic Person 0201,Employee,2023-06-01,,2026-09-01T06:00:00Z
HR00202,P0202,Synthetic Person 0202,Employee,2025-07-03,,2026-09-01T06:00:00Z
HR00203,P0203,Synthetic Person 0203,Employee,2023-08-13,,2026-09-01T06:00:00Z
HR00204,P0204,Synthetic Person 0204,Employee,2024-04-20,,2026-09-01T06:00:00Z
HR00205,P0205,Synthetic Person 0205,Employee,2023-09-13,,2026-09-01T06:00:00Z
HR00206,P0206,Synthetic Person 0206,Employee,2023-05-17,,2026-09-01T06:00:00Z
HR00207,P0207,Synthetic Person 0207,Employee,2024-07-26,2025-08-14,2026-09-01T06:00:00Z
HR00208,P0208,Synthetic Person 0208,Employee,2025-04-14,,2026-09-01T06:00:00Z
HR00209,P0209,Synthetic Person 0209,Employee,2024-03-12,,2026-09-01T06:00:00Z
HR00210,P0210,Synthetic Person 0210,Contractor,2025-07-07,,2026-09-01T06:00:00Z
HR00211,P0211,Synthetic Person 0211,Employee,2024-04-05,,2026-09-01T06:00:00Z
HR00212,P0212,Synthetic Person 0212,Employee,2025-05-10,,2026-09-01T06:00:00Z
HR00213,P0213,Synthetic Person 0213,Employee,2025-02-23,,2026-09-01T06:00:00Z
HR00214,P0214,Synthetic Person 0214,Employee,2024-10-03,,2026-09-01T06:00:00Z
HR00215,P0215,Synthetic Person 0215,Employee,2024-03-26,,2026-09-01T06:00:00Z
HR00216,P0216,Synthetic Person 0216,Employee,2023-08-29,2024-08-01,2026-09-01T06:00:00Z
HR00217,P0217,Synthetic Person 0217,Employee,2025-07-03,,2026-09-01T06:00:00Z
HR00218,P0218,Synthetic Person 0218,Employee,2023-05-22,,2026-09-01T06:00:00Z
HR00219,P0219,Synthetic Person 0219,Employee,2024-01-28,,2026-09-01T06:00:00Z
HR00220,P0220,Synthetic Person 0220,Contractor,2024-12-24,,2026-09-01T06:00:00Z
HR00221,P0221,Synthetic Person 0221,Employee,2024-02-29,,2026-09-01T06:00:00Z
HR00222,P0222,Synthetic Person 0222,Employee,2024-07-09,,2026-09-01T06:00:00Z
HR00223,P0223,Synthetic Person 0223,Employee,2023-03-05,,2026-09-01T06:00:00Z
HR00224,P0224,Synthetic Person 0224,Employee,2024-02-03,,2026-09-01T06:00:00Z
HR00225,P0225,Synthetic Person 0225,Employee,2025-05-27,2026-08-19,2026-09-01T06:00:00Z
HR00226,P0226,Synthetic Person 0226,Employee,2025-08-23,,2026-09-01T06:00:00Z
HR00227,P0227,Synthetic Person 0227,Employee,2025-02-10,,2026-09-01T06:00:00Z
HR00228,P0228,Synthetic Person 0228,Employee,2024-07-05,,2026-09-01T06:00:00Z
HR00229,P0229,Synthetic Person 0229,Employee,2025-03-30,,2026-09-01T06:00:00Z
HR00230,P0230,Synthetic Person 0230,Contractor,2024-05-14,,2026-09-01T06:00:00Z
HR00231,P0231,Synthetic Person 0231,Employee,2024-03-22,,2026-09-01T06:00:00Z
HR00232,P0232,Synthetic Person 0232,Employee,2024-02-03,,2026-09-01T06:00:00Z
HR00233,P0233,Synthetic Person 0233,Employee,2025-01-11,,2026-09-01T06:00:00Z
HR00234,P0234,Synthetic Person 0234,Employee,2025-07-30,2026-02-05,2026-09-01T06:00:00Z
HR00235,P0235,Synthetic Person 0235,Employee,2023-01-28,,2026-09-01T06:00:00Z
HR00236,P0236,Synthetic Person 0236,Employee,2024-07-31,,2026-09-01T06:00:00Z
HR00237,P0237,Synthetic Person 0237,Employee,2023-03-27,,2026-09-01T06:00:00Z
HR00238,P0238,Synthetic Person 0238,Employee,2023-05-19,,2026-09-01T06:00:00Z
HR00239,P0239,Synthetic Person 0239,Employee,2023-02-21,,2026-09-01T06:00:00Z
HR00240,P0240,Synthetic Person 0240,Contractor,2023-12-02,,2026-09-01T06:00:00Z
HR00241,P0241,Synthetic Person 0241,Employee,2023-12-01,,2026-09-01T06:00:00Z
HR00242,P0242,Synthetic Person 0242,Employee,2023-10-12,,2026-09-01T06:00:00Z
HR00243,P0243,Synthetic Person 0243,Employee,2025-05-04,2025-09-24,2026-09-01T06:00:00Z
HR00244,P0244,Synthetic Person 0244,Employee,2025-02-06,,2026-09-01T06:00:00Z
HR00245,P0245,Synthetic Person 0245,Employee,2025-09-01,,2026-09-01T06:00:00Z
HR00246,P0246,Synthetic Person 0246,Employee,2024-10-27,,2026-09-01T06:00:00Z
HR00247,P0247,Synthetic Person 0247,Employee,2025-02-11,,2026-09-01T06:00:00Z
HR00248,P0248,Synthetic Person 0248,Employee,2023-07-24,,2026-09-01T06:00:00Z
HR00249,P0249,Synthetic Person 0249,Employee,2023-06-06,,2026-09-01T06:00:00Z
HR00250,P0250,Synthetic Person 0250,Contractor,2024-04-29,,2026-09-01T06:00:00Z
HR00251,P0251,Synthetic Person 0251,Employee,2024-07-31,,2026-09-01T06:00:00Z
HR00252,P0252,Synthetic Person 0252,Employee,2024-12-17,2025-11-04,2026-09-01T06:00:00Z
HR00253,P0253,Synthetic Person 0253,Employee,2024-09-12,,2026-09-01T06:00:00Z
HR00254,P0254,Synthetic Person 0254,Employee,2025-03-07,,2026-09-01T06:00:00Z
HR00255,P0255,Synthetic Person 0255,Employee,2023-04-21,,2026-09-01T06:00:00Z
HR00256,P0256,Synthetic Person 0256,Employee,2025-08-09,,2026-09-01T06:00:00Z
HR00257,P0257,Synthetic Person 0257,Employee,2024-11-24,,2026-09-01T06:00:00Z
HR00258,P0258,Synthetic Person 0258,Employee,2025-08-22,,2026-09-01T06:00:00Z
HR00259,P0259,Synthetic Person 0259,Employee,2023-03-19,,2026-09-01T06:00:00Z
HR00260,P0260,Synthetic Person 0260,Contractor,2023-04-15,,2026-09-01T06:00:00Z
HR00261,P0261,Synthetic Person 0261,Employee,2025-05-20,2025-11-19,2026-09-01T06:00:00Z
HR00262,P0262,Synthetic Person 0262,Employee,2023-12-22,,2026-09-01T06:00:00Z
HR00263,P0263,Synthetic Person 0263,Employee,2024-11-08,,2026-09-01T06:00:00Z
HR00264,P0264,Synthetic Person 0264,Employee,2024-06-02,,2026-09-01T06:00:00Z
HR00265,P0265,Synthetic Person 0265,Employee,2023-01-13,,2026-09-01T06:00:00Z
HR00266,P0266,Synthetic Person 0266,Employee,2023-04-19,,2026-09-01T06:00:00Z
HR00267,P0267,Synthetic Person 0267,Employee,2024-10-12,,2026-09-01T06:00:00Z
HR00268,P0268,Synthetic Person 0268,Employee,2024-03-21,,2026-09-01T06:00:00Z
HR00269,P0269,Synthetic Person 0269,Employee,2025-09-15,,2026-09-01T06:00:00Z
HR00270,P0270,Synthetic Person 0270,Contractor,2024-09-22,2026-03-31,2026-09-01T06:00:00Z
HR00271,P0271,Synthetic Person 0271,Employee,2025-04-25,,2026-09-01T06:00:00Z
HR00272,P0272,Synthetic Person 0272,Employee,2023-10-02,,2026-09-01T06:00:00Z
HR00273,P0273,Synthetic Person 0273,Employee,2025-04-30,,2026-09-01T06:00:00Z
HR00274,P0274,Synthetic Person 0274,Employee,2025-06-21,,2026-09-01T06:00:00Z
HR00275,P0275,Synthetic Person 0275,Employee,2025-02-07,,2026-09-01T06:00:00Z
HR00276,P0276,Synthetic Person 0276,Employee,2024-09-16,,2026-09-01T06:00:00Z
HR00277,P0277,Synthetic Person 0277,Employee,2023-12-11,,2026-09-01T06:00:00Z
HR00278,P0278,Synthetic Person 0278,Employee,2025-05-21,,2026-09-01T06:00:00Z
HR00279,P0279,Synthetic Person 0279,Employee,2024-05-14,2025-02-15,2026-09-01T06:00:00Z
HR00280,P0280,Synthetic Person 0280,Contractor,2023-12-15,,2026-09-01T06:00:00Z
HR00281,P0281,Synthetic Person 0281,Employee,2024-12-19,,2026-09-01T06:00:00Z
HR00282,P0282,Synthetic Person 0282,Employee,2023-01-11,,2026-09-01T06:00:00Z
HR00283,P0283,Synthetic Person 0283,Employee,2023-03-29,,2026-09-01T06:00:00Z
HR00284,P0284,Synthetic Person 0284,Employee,2024-05-15,,2026-09-01T06:00:00Z
HR00285,P0285,Synthetic Person 0285,Employee,2024-12-08,,2026-09-01T06:00:00Z
HR00286,P0286,Synthetic Person 0286,Employee,2024-04-03,,2026-09-01T06:00:00Z
HR00287,P0287,Synthetic Person 0287,Employee,2023-10-29,,2026-09-01T06:00:00Z
HR00288,P0288,Synthetic Person 0288,Employee,2024-12-09,2025-10-14,2026-09-01T06:00:00Z
HR00289,P0289,Synthetic Person 0289,Employee,2024-01-13,,2026-09-01T06:00:00Z
HR00290,P0290,Synthetic Person 0290,Contractor,2024-06-27,,2026-09-01T06:00:00Z
HR00291,P0291,Synthetic Person 0291,Employee,2025-02-02,,2026-09-01T06:00:00Z
HR00292,P0292,Synthetic Person 0292,Employee,2023-12-27,,2026-09-01T06:00:00Z
HR00293,P0293,Synthetic Person 0293,Employee,2023-10-05,,2026-09-01T06:00:00Z
HR00294,P0294,Synthetic Person 0294,Employee,2023-08-25,,2026-09-01T06:00:00Z
HR00295,P0295,Synthetic Person 0295,Employee,2023-11-20,,2026-09-01T06:00:00Z
HR00296,P0296,Synthetic Person 0296,Employee,2025-08-31,,2026-09-01T06:00:00Z
HR00297,P0297,Synthetic Person 0297,Employee,2023-07-16,2024-04-22,2026-09-01T06:00:00Z
HR00298,P0298,Synthetic Person 0298,Employee,2023-10-11,,2026-09-01T06:00:00Z
HR00299,P0299,Synthetic Person 0299,Employee,2025-02-17,,2026-09-01T06:00:00Z
HR00300,P0300,Synthetic Person 0300,Contractor,2023-10-17,,2026-09-01T06:00:00Z
HR00301,P0301,Synthetic Person 0301,Employee,2023-10-31,,2026-09-01T06:00:00Z
HR00302,P0302,Synthetic Person 0302,Employee,2023-07-03,,2026-09-01T06:00:00Z
HR00303,P0303,Synthetic Person 0303,Employee,2024-12-26,,2026-09-01T06:00:00Z
HR00304,P0304,Synthetic Person 0304,Employee,2023-10-08,,2026-09-01T06:00:00Z
HR00305,P0305,Synthetic Person 0305,Employee,2024-07-20,,2026-09-01T06:00:00Z
HR00306,P0306,Synthetic Person 0306,Employee,2024-10-15,2026-04-30,2026-09-01T06:00:00Z
HR00307,P0307,Synthetic Person 0307,Employee,2024-08-10,,2026-09-01T06:00:00Z
HR00308,P0308,Synthetic Person 0308,Employee,2024-05-05,,2026-09-01T06:00:00Z
HR00309,P0309,Synthetic Person 0309,Employee,2023-07-08,,2026-09-01T06:00:00Z
HR00310,P0310,Synthetic Person 0310,Contractor,2025-08-21,,2026-09-01T06:00:00Z
HR00311,P0311,Synthetic Person 0311,Employee,2025-04-21,,2026-09-01T06:00:00Z
HR00312,P0312,Synthetic Person 0312,Employee,2024-05-18,,2026-09-01T06:00:00Z
HR00313,P0313,Synthetic Person 0313,Employee,2024-10-06,,2026-09-01T06:00:00Z
HR00314,P0314,Synthetic Person 0314,Employee,2023-06-05,,2026-09-01T06:00:00Z
HR00315,P0315,Synthetic Person 0315,Employee,2025-08-29,2026-09-04,2026-09-01T06:00:00Z
HR00316,P0316,Synthetic Person 0316,Employee,2023-05-02,,2026-09-01T06:00:00Z
HR00317,P0317,Synthetic Person 0317,Employee,2024-09-12,,2026-09-01T06:00:00Z
HR00318,P0318,Synthetic Person 0318,Employee,2023-08-20,,2026-09-01T06:00:00Z
HR00319,P0319,Synthetic Person 0319,Employee,2024-04-06,,2026-09-01T06:00:00Z
HR00320,P0320,Synthetic Person 0320,Contractor,2025-05-30,,2026-09-01T06:00:00Z
HR00321,P0321,Synthetic Person 0321,Employee,2023-11-09,,2026-09-01T06:00:00Z
HR00322,P0322,Synthetic Person 0322,Employee,2023-03-03,,2026-09-01T06:00:00Z
HR00323,P0323,Synthetic Person 0323,Employee,2025-08-28,,2026-09-01T06:00:00Z
HR00324,P0324,Synthetic Person 0324,Employee,2023-09-28,2024-02-18,2026-09-01T06:00:00Z
HR00325,P0325,Synthetic Person 0325,Employee,2023-06-27,,2026-09-01T06:00:00Z
HR00326,P0326,Synthetic Person 0326,Employee,2023-06-10,,2026-09-01T06:00:00Z
HR00327,P0327,Synthetic Person 0327,Employee,2024-04-06,,2026-09-01T06:00:00Z
HR00328,P0328,Synthetic Person 0328,Employee,2024-04-26,,2026-09-01T06:00:00Z
HR00329,P0329,Synthetic Person 0329,Employee,2023-08-26,,2026-09-01T06:00:00Z
HR00330,P0330,Synthetic Person 0330,Contractor,2024-12-20,,2026-09-01T06:00:00Z
HR00331,P0331,Synthetic Person 0331,Employee,2024-12-04,,2026-09-01T06:00:00Z
HR00332,P0332,Synthetic Person 0332,Employee,2025-03-17,,2026-09-01T06:00:00Z
HR00333,P0333,Synthetic Person 0333,Employee,2024-11-08,2025-07-28,2026-09-01T06:00:00Z
HR00334,P0334,Synthetic Person 0334,Employee,2024-07-11,,2026-09-01T06:00:00Z
HR00335,P0335,Synthetic Person 0335,Employee,2025-07-19,,2026-09-01T06:00:00Z
HR00336,P0336,Synthetic Person 0336,Employee,2023-03-15,,2026-09-01T06:00:00Z
HR00337,P0337,Synthetic Person 0337,Employee,2025-03-22,,2026-09-01T06:00:00Z
HR00338,P0338,Synthetic Person 0338,Employee,2025-02-05,,2026-09-01T06:00:00Z
HR00339,P0339,Synthetic Person 0339,Employee,2024-03-25,,2026-09-01T06:00:00Z
HR00340,P0340,Synthetic Person 0340,Contractor,2024-12-06,,2026-09-01T06:00:00Z
HR00341,P0341,Synthetic Person 0341,Employee,2025-08-23,,2026-09-01T06:00:00Z
HR00342,P0342,Synthetic Person 0342,Employee,2024-07-06,2026-01-22,2026-09-01T06:00:00Z
HR00343,P0343,Synthetic Person 0343,Employee,2024-09-04,,2026-09-01T06:00:00Z
HR00344,P0344,Synthetic Person 0344,Employee,2025-01-22,,2026-09-01T06:00:00Z
HR00345,P0345,Synthetic Person 0345,Employee,2023-09-14,,2026-09-01T06:00:00Z
HR00346,P0346,Synthetic Person 0346,Employee,2023-08-23,,2026-09-01T06:00:00Z
HR00347,P0347,Synthetic Person 0347,Employee,2024-08-24,,2026-09-01T06:00:00Z
HR00348,P0348,Synthetic Person 0348,Employee,2024-08-13,,2026-09-01T06:00:00Z
HR00349,P0349,Synthetic Person 0349,Employee,2024-04-26,,2026-09-01T06:00:00Z
HR00350,P0350,Synthetic Person 0350,Contractor,2025-07-27,,2026-09-01T06:00:00Z
HR00351,P0351,Synthetic Person 0351,Employee,2024-08-22,2026-01-10,2026-09-01T06:00:00Z
HR00352,P0352,Synthetic Person 0352,Employee,2025-09-19,,2026-09-01T06:00:00Z
HR00353,P0353,Synthetic Person 0353,Employee,2023-12-23,,2026-09-01T06:00:00Z
HR00354,P0354,Synthetic Person 0354,Employee,2023-11-25,,2026-09-01T06:00:00Z
HR00355,P0355,Synthetic Person 0355,Employee,2025-05-28,,2026-09-01T06:00:00Z
HR00356,P0356,Synthetic Person 0356,Employee,2024-02-26,,2026-09-01T06:00:00Z
HR00357,P0357,Synthetic Person 0357,Employee,2023-10-23,,2026-09-01T06:00:00Z
HR00358,P0358,Synthetic Person 0358,Employee,2025-04-13,,2026-09-01T06:00:00Z
HR00359,P0359,Synthetic Person 0359,Employee,2024-04-10,,2026-09-01T06:00:00Z
HR00360,P0360,Synthetic Person 0360,Contractor,2023-09-16,2024-10-11,2026-09-01T06:00:00Z
HR00361,P0361,Synthetic Person 0361,Employee,2025-06-04,,2026-09-01T06:00:00Z
HR00362,P0362,Synthetic Person 0362,Employee,2024-11-04,,2026-09-01T06:00:00Z
HR00363,P0363,Synthetic Person 0363,Employee,2024-02-28,,2026-09-01T06:00:00Z
HR00364,P0364,Synthetic Person 0364,Employee,2024-06-14,,2026-09-01T06:00:00Z
HR00365,P0365,Synthetic Person 0365,Employee,2025-02-13,,2026-09-01T06:00:00Z
HR00366,P0366,Synthetic Person 0366,Employee,2025-02-17,,2026-09-01T06:00:00Z
HR00367,P0367,Synthetic Person 0367,Employee,2023-10-01,,2026-09-01T06:00:00Z
HR00368,P0368,Synthetic Person 0368,Employee,2025-08-07,,2026-09-01T06:00:00Z
HR00369,P0369,Synthetic Person 0369,Employee,2025-06-20,2026-12-28,2026-09-01T06:00:00Z
HR00370,P0370,Synthetic Person 0370,Contractor,2025-09-23,,2026-09-01T06:00:00Z
HR00371,P0371,Synthetic Person 0371,Employee,2025-03-29,,2026-09-01T06:00:00Z
HR00372,P0372,Synthetic Person 0372,Employee,2023-11-15,,2026-09-01T06:00:00Z
HR00373,P0373,Synthetic Person 0373,Employee,2024-07-19,,2026-09-01T06:00:00Z
HR00374,P0374,Synthetic Person 0374,Employee,2023-08-19,,2026-09-01T06:00:00Z
HR00375,P0375,Synthetic Person 0375,Employee,2025-08-27,,2026-09-01T06:00:00Z
HR00376,P0376,Synthetic Person 0376,Employee,2024-05-25,,2026-09-01T06:00:00Z
HR00377,P0377,Synthetic Person 0377,Employee,2024-06-05,,2026-09-01T06:00:00Z
HR00378,P0378,Synthetic Person 0378,Employee,2024-03-01,2025-09-06,2026-09-01T06:00:00Z
HR00379,P0379,Synthetic Person 0379,Employee,2024-04-12,,2026-09-01T06:00:00Z
HR00380,P0380,Synthetic Person 0380,Contractor,2024-01-28,,2026-09-01T06:00:00Z
HR00381,P0381,Synthetic Person 0381,Employee,2024-06-04,,2026-09-01T06:00:00Z
HR00382,P0382,Synthetic Person 0382,Employee,2025-06-03,,2026-09-01T06:00:00Z
HR00383,P0383,Synthetic Person 0383,Employee,2025-03-02,,2026-09-01T06:00:00Z
HR00384,P0384,Synthetic Person 0384,Employee,2025-08-14,,2026-09-01T06:00:00Z
HR00385,P0385,Synthetic Person 0385,Employee,2025-04-20,,2026-09-01T06:00:00Z
HR00386,P0386,Synthetic Person 0386,Employee,2025-01-13,,2026-09-01T06:00:00Z
HR00387,P0387,Synthetic Person 0387,Employee,2024-08-16,2026-02-28,2026-09-01T06:00:00Z
HR00388,P0388,Synthetic Person 0388,Employee,2024-07-05,,2026-09-01T06:00:00Z
HR00389,P0389,Synthetic Person 0389,Employee,2023-12-07,,2026-09-01T06:00:00Z
HR00390,P0390,Synthetic Person 0390,Contractor,2024-01-22,,2026-09-01T06:00:00Z
HR00391,P0391,Synthetic Person 0391,Employee,2025-06-09,,2026-09-01T06:00:00Z
HR00392,P0392,Synthetic Person 0392,Employee,2024-08-08,,2026-09-01T06:00:00Z
HR00393,P0393,Synthetic Person 0393,Employee,2025-05-26,,2026-09-01T06:00:00Z
HR00394,P0394,Synthetic Person 0394,Employee,2023-11-22,,2026-09-01T06:00:00Z
HR00395,P0395,Synthetic Person 0395,Employee,2024-12-23,,2026-09-01T06:00:00Z
HR00396,P0396,Synthetic Person 0396,Employee,2024-11-10,2025-06-13,2026-09-01T06:00:00Z
HR00397,P0397,Synthetic Person 0397,Employee,2023-05-10,,2026-09-01T06:00:00Z
HR00398,P0398,Synthetic Person 0398,Employee,2023-12-06,,2026-09-01T06:00:00Z
HR00399,P0399,Synthetic Person 0399,Employee,2023-04-13,,2026-09-01T06:00:00Z
HR00400,P0400,Synthetic Person 0400,Contractor,2023-01-16,,2026-09-01T06:00:00Z
HR00401,P0401,Synthetic Person 0401,Employee,2024-02-24,,2026-09-01T06:00:00Z
HR00402,P0402,Synthetic Person 0402,Employee,2023-03-18,,2026-09-01T06:00:00Z
HR00403,P0403,Synthetic Person 0403,Employee,2023-12-13,,2026-09-01T06:00:00Z
HR00404,P0404,Synthetic Person 0404,Employee,2024-10-27,,2026-09-01T06:00:00Z
HR00405,P0405,Synthetic Person 0405,Employee,2025-05-22,2026-08-14,2026-09-01T06:00:00Z
HR00406,P0406,Synthetic Person 0406,Employee,2025-06-12,,2026-09-01T06:00:00Z
HR00407,P0407,Synthetic Person 0407,Employee,2024-09-24,,2026-09-01T06:00:00Z
HR00408,P0408,Synthetic Person 0408,Employee,2024-10-08,,2026-09-01T06:00:00Z
HR00409,P0409,Synthetic Person 0409,Employee,2023-08-21,,2026-09-01T06:00:00Z
HR00410,P0410,Synthetic Person 0410,Contractor,2024-03-20,,2026-09-01T06:00:00Z
HR00411,P0411,Synthetic Person 0411,Employee,2024-03-30,,2026-09-01T06:00:00Z
HR00412,P0412,Synthetic Person 0412,Employee,2025-07-14,,2026-09-01T06:00:00Z
HR00413,P0413,Synthetic Person 0413,Employee,2023-11-29,,2026-09-01T06:00:00Z
HR00414,P0414,Synthetic Person 0414,Employee,2024-01-03,2025-03-21,2026-09-01T06:00:00Z
HR00415,P0415,Synthetic Person 0415,Employee,2023-09-08,,2026-09-01T06:00:00Z
HR00416,P0416,Synthetic Person 0416,Employee,2024-08-02,,2026-09-01T06:00:00Z
HR00417,P0417,Synthetic Person 0417,Employee,2023-06-24,,2026-09-01T06:00:00Z
HR00418,P0418,Synthetic Person 0418,Employee,2024-09-16,,2026-09-01T06:00:00Z
HR00419,P0419,Synthetic Person 0419,Employee,2024-11-30,,2026-09-01T06:00:00Z
HR00420,P0420,Synthetic Person 0420,Contractor,2025-07-23,,2026-09-01T06:00:00Z
HR00421,P0421,Synthetic Person 0421,Employee,2023-08-26,,2026-09-01T06:00:00Z
HR00422,P0422,Synthetic Person 0422,Employee,2024-04-15,,2026-09-01T06:00:00Z
HR00423,P0423,Synthetic Person 0423,Employee,2025-07-09,2026-12-27,2026-09-01T06:00:00Z
HR00424,P0424,Synthetic Person 0424,Employee,2023-06-11,,2026-09-01T06:00:00Z
HR00425,P0425,Synthetic Person 0425,Employee,2025-08-25,,2026-09-01T06:00:00Z
HR00426,P0426,Synthetic Person 0426,Employee,2023-11-03,,2026-09-01T06:00:00Z
HR00427,P0427,Synthetic Person 0427,Employee,2024-12-07,,2026-09-01T06:00:00Z
HR00428,P0428,Synthetic Person 0428,Employee,2025-05-15,,2026-09-01T06:00:00Z
HR00429,P0429,Synthetic Person 0429,Employee,2024-01-29,,2026-09-01T06:00:00Z
HR00430,P0430,Synthetic Person 0430,Contractor,2023-08-31,,2026-09-01T06:00:00Z
HR00431,P0431,Synthetic Person 0431,Employee,2024-01-03,,2026-09-01T06:00:00Z
HR00432,P0432,Synthetic Person 0432,Employee,2024-12-17,2025-12-14,2026-09-01T06:00:00Z
HR00433,P0433,Synthetic Person 0433,Employee,2023-10-09,,2026-09-01T06:00:00Z
HR00434,P0434,Synthetic Person 0434,Employee,2025-06-04,,2026-09-01T06:00:00Z
HR00435,P0435,Synthetic Person 0435,Employee,2025-07-21,,2026-09-01T06:00:00Z
HR00436,P0436,Synthetic Person 0436,Employee,2025-05-02,,2026-09-01T06:00:00Z
HR00437,P0437,Synthetic Person 0437,Employee,2024-09-13,,2026-09-01T06:00:00Z
HR00438,P0438,Synthetic Person 0438,Employee,2024-10-13,,2026-09-01T06:00:00Z
HR00439,P0439,Synthetic Person 0439,Employee,2023-09-14,,2026-09-01T06:00:00Z
HR00440,P0440,Synthetic Person 0440,Contractor,2024-10-05,,2026-09-01T06:00:00Z
HR00441,P0441,Synthetic Person 0441,Employee,2023-11-13,2025-04-07,2026-09-01T06:00:00Z
HR00442,P0442,Synthetic Person 0442,Employee,2024-01-09,,2026-09-01T06:00:00Z
HR00443,P0443,Synthetic Person 0443,Employee,2023-04-03,,2026-09-01T06:00:00Z
HR00444,P0444,Synthetic Person 0444,Employee,2025-02-04,,2026-09-01T06:00:00Z
HR00445,P0445,Synthetic Person 0445,Employee,2023-07-25,,2026-09-01T06:00:00Z
HR00446,P0446,Synthetic Person 0446,Employee,2025-06-16,,2026-09-01T06:00:00Z
HR00447,P0447,Synthetic Person 0447,Employee,2024-05-28,,2026-09-01T06:00:00Z
HR00448,P0448,Synthetic Person 0448,Employee,2023-09-21,,2026-09-01T06:00:00Z
HR00449,P0449,Synthetic Person 0449,Employee,2025-02-03,,2026-09-01T06:00:00Z
HR00450,P0450,Synthetic Person 0450,Contractor,2024-04-24,2024-09-08,2026-09-01T06:00:00Z
HR00451,P0451,Synthetic Person 0451,Employee,2025-05-30,,2026-09-01T06:00:00Z
HR00452,P0452,Synthetic Person 0452,Employee,2025-09-17,,2026-09-01T06:00:00Z
HR00453,P0453,Synthetic Person 0453,Employee,2023-04-03,,2026-09-01T06:00:00Z
HR00454,P0454,Synthetic Person 0454,Employee,2023-09-28,,2026-09-01T06:00:00Z
HR00455,P0455,Synthetic Person 0455,Employee,2024-04-10,,2026-09-01T06:00:00Z
HR00456,P0456,Synthetic Person 0456,Employee,2024-08-21,,2026-09-01T06:00:00Z
HR00457,P0457,Synthetic Person 0457,Employee,2023-04-21,,2026-09-01T06:00:00Z
HR00458,P0458,Synthetic Person 0458,Employee,2024-04-27,,2026-09-01T06:00:00Z
HR00459,P0459,Synthetic Person 0459,Employee,2025-06-24,2026-07-24,2026-09-01T06:00:00Z
HR00460,P0460,Synthetic Person 0460,Contractor,2024-10-25,,2026-09-01T06:00:00Z
HR00461,P0461,Synthetic Person 0461,Employee,2025-07-20,,2026-09-01T06:00:00Z
HR00462,P0462,Synthetic Person 0462,Employee,2024-10-26,,2026-09-01T06:00:00Z
HR00463,P0463,Synthetic Person 0463,Employee,2023-05-24,,2026-09-01T06:00:00Z
HR00464,P0464,Synthetic Person 0464,Employee,2023-11-08,,2026-09-01T06:00:00Z
HR00465,P0465,Synthetic Person 0465,Employee,2023-04-10,,2026-09-01T06:00:00Z
HR00466,P0466,Synthetic Person 0466,Employee,2023-05-19,,2026-09-01T06:00:00Z
HR00467,P0467,Synthetic Person 0467,Employee,2024-01-15,,2026-09-01T06:00:00Z
HR00468,P0468,Synthetic Person 0468,Employee,2024-03-05,2024-10-09,2026-09-01T06:00:00Z
HR00469,P0469,Synthetic Person 0469,Employee,2025-05-03,,2026-09-01T06:00:00Z
HR00470,P0470,Synthetic Person 0470,Contractor,2024-02-22,,2026-09-01T06:00:00Z
HR00471,P0471,Synthetic Person 0471,Employee,2024-12-07,,2026-09-01T06:00:00Z
HR00472,P0472,Synthetic Person 0472,Employee,2024-03-30,,2026-09-01T06:00:00Z
HR00473,P0473,Synthetic Person 0473,Employee,2025-05-25,,2026-09-01T06:00:00Z
HR00474,P0474,Synthetic Person 0474,Employee,2024-12-03,,2026-09-01T06:00:00Z
HR00475,P0475,Synthetic Person 0475,Employee,2025-07-12,,2026-09-01T06:00:00Z
HR00476,P0476,Synthetic Person 0476,Employee,2023-03-04,,2026-09-01T06:00:00Z
HR00477,P0477,Synthetic Person 0477,Employee,2023-07-14,2024-01-15,2026-09-01T06:00:00Z
HR00478,P0478,Synthetic Person 0478,Employee,2024-11-09,,2026-09-01T06:00:00Z
HR00479,P0479,Synthetic Person 0479,Employee,2025-09-21,,2026-09-01T06:00:00Z
HR00480,P0480,Synthetic Person 0480,Contractor,2025-03-16,,2026-09-01T06:00:00Z
HR00481,P0481,Synthetic Person 0481,Employee,2023-05-09,,2026-09-01T06:00:00Z
HR00482,P0482,Synthetic Person 0482,Employee,2023-03-12,,2026-09-01T06:00:00Z
HR00483,P0483,Synthetic Person 0483,Employee,2024-08-23,,2026-09-01T06:00:00Z
HR00484,P0484,Synthetic Person 0484,Employee,2023-12-03,,2026-09-01T06:00:00Z
HR00485,P0485,Synthetic Person 0485,Employee,2023-01-03,,2026-09-01T06:00:00Z
HR00486,P0486,Synthetic Person 0486,Employee,2023-05-14,2024-03-25,2026-09-01T06:00:00Z
HR00487,P0487,Synthetic Person 0487,Employee,2024-11-07,,2026-09-01T06:00:00Z
HR00488,P0488,Synthetic Person 0488,Employee,2023-01-16,,2026-09-01T06:00:00Z
HR00489,P0489,Synthetic Person 0489,Employee,2024-08-25,,2026-09-01T06:00:00Z
HR00490,P0490,Synthetic Person 0490,Contractor,2023-06-28,,2026-09-01T06:00:00Z
HR00491,P0491,Synthetic Person 0491,Employee,2023-05-10,,2026-09-01T06:00:00Z
HR00492,P0492,Synthetic Person 0492,Employee,2024-06-22,,2026-09-01T06:00:00Z
HR00493,P0493,Synthetic Person 0493,Employee,2024-05-02,,2026-09-01T06:00:00Z
HR00494,P0494,Synthetic Person 0494,Employee,2024-06-09,,2026-09-01T06:00:00Z
HR00495,P0495,Synthetic Person 0495,Employee,2024-04-07,2025-11-03,2026-09-01T06:00:00Z
HR00496,P0496,Synthetic Person 0496,Employee,2023-02-14,,2026-09-01T06:00:00Z
HR00497,P0497,Synthetic Person 0497,Employee,2023-11-05,,2026-09-01T06:00:00Z
HR00498,P0498,Synthetic Person 0498,Employee,2023-03-04,,2026-09-01T06:00:00Z
HR00499,P0499,Synthetic Person 0499,Employee,2024-03-12,,2026-09-01T06:00:00Z
HR00500,P0500,Synthetic Person 0500,Contractor,2024-05-17,,2026-09-01T06:00:00Z
HR00501,P0501,Synthetic Person 0501,Employee,2023-03-17,,2026-09-01T06:00:00Z
HR00502,P0502,Synthetic Person 0502,Employee,2024-09-14,,2026-09-01T06:00:00Z
HR00503,P0503,Synthetic Person 0503,Employee,2023-05-10,,2026-09-01T06:00:00Z
HR00504,P0504,Synthetic Person 0504,Employee,2024-10-10,2025-11-06,2026-09-01T06:00:00Z
HR00505,P0505,Synthetic Person 0505,Employee,2024-06-27,,2026-09-01T06:00:00Z
HR00506,P0506,Synthetic Person 0506,Employee,2024-06-01,,2026-09-01T06:00:00Z
HR00507,P0507,Synthetic Person 0507,Employee,2023-04-12,,2026-09-01T06:00:00Z
HR00508,P0508,Synthetic Person 0508,Employee,2025-05-23,,2026-09-01T06:00:00Z
HR00509,P0509,Synthetic Person 0509,Employee,2025-01-08,,2026-09-01T06:00:00Z
HR00510,P0510,Synthetic Person 0510,Contractor,2024-04-07,,2026-09-01T06:00:00Z
HR00511,P0511,Synthetic Person 0511,Employee,2023-12-14,,2026-09-01T06:00:00Z
HR00512,P0512,Synthetic Person 0512,Employee,2024-03-01,,2026-09-01T06:00:00Z
HR00513,P0513,Synthetic Person 0513,Employee,2023-11-17,2025-03-28,2026-09-01T06:00:00Z
HR00514,P0514,Synthetic Person 0514,Employee,2024-01-19,,2026-09-01T06:00:00Z
HR00515,P0515,Synthetic Person 0515,Employee,2023-03-10,,2026-09-01T06:00:00Z
HR00516,P0516,Synthetic Person 0516,Employee,2023-04-06,,2026-09-01T06:00:00Z
HR00517,P0517,Synthetic Person 0517,Employee,2025-02-01,,2026-09-01T06:00:00Z
HR00518,P0518,Synthetic Person 0518,Employee,2025-04-11,,2026-09-01T06:00:00Z
HR00519,P0519,Synthetic Person 0519,Employee,2023-03-03,,2026-09-01T06:00:00Z
HR00520,P0520,Synthetic Person 0520,Contractor,2024-07-29,,2026-09-01T06:00:00Z
HR00521,P0521,Synthetic Person 0521,Employee,2024-02-25,,2026-09-01T06:00:00Z
HR00522,P0522,Synthetic Person 0522,Employee,2025-06-07,2025-09-27,2026-09-01T06:00:00Z
HR00523,P0523,Synthetic Person 0523,Employee,2023-11-16,,2026-09-01T06:00:00Z
HR00524,P0524,Synthetic Person 0524,Employee,2024-08-14,,2026-09-01T06:00:00Z
HR00525,P0525,Synthetic Person 0525,Employee,2023-06-08,,2026-09-01T06:00:00Z
HR00526,P0526,Synthetic Person 0526,Employee,2023-08-18,,2026-09-01T06:00:00Z
HR00527,P0527,Synthetic Person 0527,Employee,2025-05-15,,2026-09-01T06:00:00Z
HR00528,P0528,Synthetic Person 0528,Employee,2023-04-28,,2026-09-01T06:00:00Z
HR00529,P0529,Synthetic Person 0529,Employee,2023-08-20,,2026-09-01T06:00:00Z
HR00530,P0530,Synthetic Person 0530,Contractor,2025-09-24,,2026-09-01T06:00:00Z
HR00531,P0531,Synthetic Person 0531,Employee,2024-11-22,2025-02-16,2026-09-01T06:00:00Z
HR00532,P0532,Synthetic Person 0532,Employee,2023-01-30,,2026-09-01T06:00:00Z
HR00533,P0533,Synthetic Person 0533,Employee,2024-12-20,,2026-09-01T06:00:00Z
HR00534,P0534,Synthetic Person 0534,Employee,2023-12-26,,2026-09-01T06:00:00Z
HR00535,P0535,Synthetic Person 0535,Employee,2025-06-09,,2026-09-01T06:00:00Z
HR00536,P0536,Synthetic Person 0536,Employee,2024-11-04,,2026-09-01T06:00:00Z
HR00537,P0537,Synthetic Person 0537,Employee,2023-05-26,,2026-09-01T06:00:00Z
HR00538,P0538,Synthetic Person 0538,Employee,2023-04-04,,2026-09-01T06:00:00Z
HR00539,P0539,Synthetic Person 0539,Employee,2023-08-09,,2026-09-01T06:00:00Z
HR00540,P0540,Synthetic Person 0540,Contractor,2024-04-09,2025-05-23,2026-09-01T06:00:00Z
HR00541,P0541,Synthetic Person 0541,Employee,2023-11-16,,2026-09-01T06:00:00Z
HR00542,P0542,Synthetic Person 0542,Employee,2025-03-06,,2026-09-01T06:00:00Z
HR00543,P0543,Synthetic Person 0543,Employee,2023-03-28,,2026-09-01T06:00:00Z
HR00544,P0544,Synthetic Person 0544,Employee,2023-06-11,,2026-09-01T06:00:00Z
HR00545,P0545,Synthetic Person 0545,Employee,2024-11-21,,2026-09-01T06:00:00Z
HR00546,P0546,Synthetic Person 0546,Employee,2024-03-29,,2026-09-01T06:00:00Z
HR00547,P0547,Synthetic Person 0547,Employee,2024-05-12,,2026-09-01T06:00:00Z
HR00548,P0548,Synthetic Person 0548,Employee,2024-02-29,,2026-09-01T06:00:00Z
HR00549,P0549,Synthetic Person 0549,Employee,2025-02-12,2026-09-19,2026-09-01T06:00:00Z
HR00550,P0550,Synthetic Person 0550,Contractor,2024-03-16,,2026-09-01T06:00:00Z
HR00551,P0551,Synthetic Person 0551,Employee,2024-11-25,,2026-09-01T06:00:00Z
HR00552,P0552,Synthetic Person 0552,Employee,2024-05-13,,2026-09-01T06:00:00Z
HR00553,P0553,Synthetic Person 0553,Employee,2023-02-16,,2026-09-01T06:00:00Z
HR00554,P0554,Synthetic Person 0554,Employee,2024-09-05,,2026-09-01T06:00:00Z
HR00555,P0555,Synthetic Person 0555,Employee,2023-07-29,,2026-09-01T06:00:00Z
HR00556,P0556,Synthetic Person 0556,Employee,2025-02-24,,2026-09-01T06:00:00Z
HR00557,P0557,Synthetic Person 0557,Employee,2023-10-24,,2026-09-01T06:00:00Z
HR00558,P0558,Synthetic Person 0558,Employee,2023-01-08,2024-07-30,2026-09-01T06:00:00Z
HR00559,P0559,Synthetic Person 0559,Employee,2023-06-29,,2026-09-01T06:00:00Z
HR00560,P0560,Synthetic Person 0560,Contractor,2024-06-29,,2026-09-01T06:00:00Z
HR00561,P0561,Synthetic Person 0561,Employee,2024-05-27,,2026-09-01T06:00:00Z
HR00562,P0562,Synthetic Person 0562,Employee,2023-03-15,,2026-09-01T06:00:00Z
HR00563,P0563,Synthetic Person 0563,Employee,2024-03-22,,2026-09-01T06:00:00Z
HR00564,P0564,Synthetic Person 0564,Employee,2025-08-01,,2026-09-01T06:00:00Z
HR00565,P0565,Synthetic Person 0565,Employee,2024-08-12,,2026-09-01T06:00:00Z
HR00566,P0566,Synthetic Person 0566,Employee,2024-02-19,,2026-09-01T06:00:00Z
HR00567,P0567,Synthetic Person 0567,Employee,2023-10-24,2024-04-18,2026-09-01T06:00:00Z
HR00568,P0568,Synthetic Person 0568,Employee,2025-09-16,,2026-09-01T06:00:00Z
HR00569,P0569,Synthetic Person 0569,Employee,2025-03-31,,2026-09-01T06:00:00Z
HR00570,P0570,Synthetic Person 0570,Contractor,2025-05-01,,2026-09-01T06:00:00Z
HR00571,P0571,Synthetic Person 0571,Employee,2023-04-01,,2026-09-01T06:00:00Z
HR00572,P0572,Synthetic Person 0572,Employee,2023-09-07,,2026-09-01T06:00:00Z
HR00573,P0573,Synthetic Person 0573,Employee,2024-02-15,,2026-09-01T06:00:00Z
HR00574,P0574,Synthetic Person 0574,Employee,2024-02-10,,2026-09-01T06:00:00Z
HR00575,P0575,Synthetic Person 0575,Employee,2023-08-15,,2026-09-01T06:00:00Z
HR00576,P0576,Synthetic Person 0576,Employee,2023-03-20,2024-10-22,2026-09-01T06:00:00Z
HR00577,P0577,Synthetic Person 0577,Employee,2024-06-27,,2026-09-01T06:00:00Z
HR00578,P0578,Synthetic Person 0578,Employee,2025-07-16,,2026-09-01T06:00:00Z
HR00579,P0579,Synthetic Person 0579,Employee,2025-01-14,,2026-09-01T06:00:00Z
HR00580,P0580,Synthetic Person 0580,Contractor,2023-08-30,,2026-09-01T06:00:00Z
HR00581,P0581,Synthetic Person 0581,Employee,2023-09-20,,2026-09-01T06:00:00Z
HR00582,P0582,Synthetic Person 0582,Employee,2024-09-08,,2026-09-01T06:00:00Z
HR00583,P0583,Synthetic Person 0583,Employee,2023-07-01,,2026-09-01T06:00:00Z
HR00584,P0584,Synthetic Person 0584,Employee,2024-04-20,,2026-09-01T06:00:00Z
HR00585,P0585,Synthetic Person 0585,Employee,2024-04-04,2025-04-29,2026-09-01T06:00:00Z
HR00586,P0586,Synthetic Person 0586,Employee,2023-06-04,,2026-09-01T06:00:00Z
HR00587,P0587,Synthetic Person 0587,Employee,2024-04-25,,2026-09-01T06:00:00Z
HR00588,P0588,Synthetic Person 0588,Employee,2025-03-26,,2026-09-01T06:00:00Z
HR00589,P0589,Synthetic Person 0589,Employee,2023-02-27,,2026-09-01T06:00:00Z
HR00590,P0590,Synthetic Person 0590,Contractor,2023-03-17,,2026-09-01T06:00:00Z
HR00591,P0591,Synthetic Person 0591,Employee,2024-04-07,,2026-09-01T06:00:00Z
HR00592,P0592,Synthetic Person 0592,Employee,2024-01-13,,2026-09-01T06:00:00Z
HR00593,P0593,Synthetic Person 0593,Employee,2024-10-22,,2026-09-01T06:00:00Z
HR00594,P0594,Synthetic Person 0594,Employee,2024-08-31,2026-04-02,2026-09-01T06:00:00Z
HR00595,P0595,Synthetic Person 0595,Employee,2024-08-17,,2026-09-01T06:00:00Z
HR00596,P0596,Synthetic Person 0596,Employee,2024-04-05,,2026-09-01T06:00:00Z
HR00597,P0597,Synthetic Person 0597,Employee,2023-11-26,,2026-09-01T06:00:00Z
HR00598,P0598,Synthetic Person 0598,Employee,2024-05-28,,2026-09-01T06:00:00Z
HR00599,P0599,Synthetic Person 0599,Employee,2024-04-06,,2026-09-01T06:00:00Z
HR00600,P0600,Synthetic Person 0600,Contractor,2025-01-01,,2026-09-01T06:00:00Z
HR00601,P0601,Synthetic Person 0601,Employee,2024-10-23,,2026-09-01T06:00:00Z
HR00602,P0602,Synthetic Person 0602,Employee,2023-09-11,,2026-09-01T06:00:00Z
HR00603,P0603,Synthetic Person 0603,Employee,2024-03-25,2025-11-11,2026-09-01T06:00:00Z
HR00604,P0604,Synthetic Person 0604,Employee,2023-06-12,,2026-09-01T06:00:00Z
HR00605,P0605,Synthetic Person 0605,Employee,2025-07-28,,2026-09-01T06:00:00Z
HR00606,P0606,Synthetic Person 0606,Employee,2024-02-23,,2026-09-01T06:00:00Z
HR00607,P0607,Synthetic Person 0607,Employee,2023-02-23,,2026-09-01T06:00:00Z
HR00608,P0608,Synthetic Person 0608,Employee,2023-03-09,,2026-09-01T06:00:00Z
HR00609,P0609,Synthetic Person 0609,Employee,2024-07-25,,2026-09-01T06:00:00Z
HR00610,P0610,Synthetic Person 0610,Contractor,2023-10-18,,2026-09-01T06:00:00Z
HR00611,P0611,Synthetic Person 0611,Employee,2025-06-13,,2026-09-01T06:00:00Z
HR00612,P0612,Synthetic Person 0612,Employee,2023-03-25,2023-10-15,2026-09-01T06:00:00Z
HR00613,P0613,Synthetic Person 0613,Employee,2025-09-17,,2026-09-01T06:00:00Z
HR00614,P0614,Synthetic Person 0614,Employee,2023-05-13,,2026-09-01T06:00:00Z
HR00615,P0615,Synthetic Person 0615,Employee,2023-11-14,,2026-09-01T06:00:00Z
HR00616,P0616,Synthetic Person 0616,Employee,2024-10-20,,2026-09-01T06:00:00Z
HR00617,P0617,Synthetic Person 0617,Employee,2024-11-17,,2026-09-01T06:00:00Z
HR00618,P0618,Synthetic Person 0618,Employee,2023-04-06,,2026-09-01T06:00:00Z
HR00619,P0619,Synthetic Person 0619,Employee,2024-06-04,,2026-09-01T06:00:00Z
HR00620,P0620,Synthetic Person 0620,Contractor,2024-01-07,,2026-09-01T06:00:00Z
HR00621,P0621,Synthetic Person 0621,Employee,2025-08-31,2026-06-06,2026-09-01T06:00:00Z
HR00622,P0622,Synthetic Person 0622,Employee,2023-07-16,,2026-09-01T06:00:00Z
HR00623,P0623,Synthetic Person 0623,Employee,2023-06-08,,2026-09-01T06:00:00Z
HR00624,P0624,Synthetic Person 0624,Employee,2025-05-14,,2026-09-01T06:00:00Z
HR00625,P0625,Synthetic Person 0625,Employee,2025-02-28,,2026-09-01T06:00:00Z
HR00626,P0626,Synthetic Person 0626,Employee,2023-02-08,,2026-09-01T06:00:00Z
HR00627,P0627,Synthetic Person 0627,Employee,2025-06-16,,2026-09-01T06:00:00Z
HR00628,P0628,Synthetic Person 0628,Employee,2024-09-03,,2026-09-01T06:00:00Z
HR00629,P0629,Synthetic Person 0629,Employee,2023-06-16,,2026-09-01T06:00:00Z
HR00630,P0630,Synthetic Person 0630,Contractor,2025-04-08,2025-11-23,2026-09-01T06:00:00Z
HR00631,P0631,Synthetic Person 0631,Employee,2023-02-14,,2026-09-01T06:00:00Z
HR00632,P0632,Synthetic Person 0632,Employee,2024-11-23,,2026-09-01T06:00:00Z
HR00633,P0633,Synthetic Person 0633,Employee,2025-09-19,,2026-09-01T06:00:00Z
HR00634,P0634,Synthetic Person 0634,Employee,2023-10-19,,2026-09-01T06:00:00Z
HR00635,P0635,Synthetic Person 0635,Employee,2023-08-28,,2026-09-01T06:00:00Z
HR00636,P0636,Synthetic Person 0636,Employee,2023-11-13,,2026-09-01T06:00:00Z
HR00637,P0637,Synthetic Person 0637,Employee,2024-01-12,,2026-09-01T06:00:00Z
HR00638,P0638,Synthetic Person 0638,Employee,2024-03-27,,2026-09-01T06:00:00Z
HR00639,P0639,Synthetic Person 0639,Employee,2025-03-07,2026-06-01,2026-09-01T06:00:00Z
HR00640,P0640,Synthetic Person 0640,Contractor,2024-03-04,,2026-09-01T06:00:00Z
HR00641,P0641,Synthetic Person 0641,Employee,2025-03-31,,2026-09-01T06:00:00Z
HR00642,P0642,Synthetic Person 0642,Employee,2025-06-12,,2026-09-01T06:00:00Z
HR00643,P0643,Synthetic Person 0643,Employee,2024-10-18,,2026-09-01T06:00:00Z
HR00644,P0644,Synthetic Person 0644,Employee,2024-07-21,,2026-09-01T06:00:00Z
HR00645,P0645,Synthetic Person 0645,Employee,2025-05-21,,2026-09-01T06:00:00Z
HR00646,P0646,Synthetic Person 0646,Employee,2023-03-27,,2026-09-01T06:00:00Z
HR00647,P0647,Synthetic Person 0647,Employee,2024-04-05,,2026-09-01T06:00:00Z
HR00648,P0648,Synthetic Person 0648,Employee,2025-04-30,2026-09-19,2026-09-01T06:00:00Z
HR00649,P0649,Synthetic Person 0649,Employee,2025-04-16,,2026-09-01T06:00:00Z
HR00650,P0650,Synthetic Person 0650,Contractor,2025-08-10,,2026-09-01T06:00:00Z
HR00651,P0651,Synthetic Person 0651,Employee,2023-02-24,,2026-09-01T06:00:00Z
HR00652,P0652,Synthetic Person 0652,Employee,2024-01-18,,2026-09-01T06:00:00Z
HR00653,P0653,Synthetic Person 0653,Employee,2023-03-25,,2026-09-01T06:00:00Z
HR00654,P0654,Synthetic Person 0654,Employee,2023-01-29,,2026-09-01T06:00:00Z
HR00655,P0655,Synthetic Person 0655,Employee,2025-05-09,,2026-09-01T06:00:00Z
HR00656,P0656,Synthetic Person 0656,Employee,2025-03-21,,2026-09-01T06:00:00Z
HR00657,P0657,Synthetic Person 0657,Employee,2023-02-09,2024-01-28,2026-09-01T06:00:00Z
HR00658,P0658,Synthetic Person 0658,Employee,2025-02-16,,2026-09-01T06:00:00Z
HR00659,P0659,Synthetic Person 0659,Employee,2024-04-04,,2026-09-01T06:00:00Z
HR00660,P0660,Synthetic Person 0660,Contractor,2025-07-16,,2026-09-01T06:00:00Z
HR00661,P0661,Synthetic Person 0661,Employee,2023-09-20,,2026-09-01T06:00:00Z
HR00662,P0662,Synthetic Person 0662,Employee,2024-07-15,,2026-09-01T06:00:00Z
HR00663,P0663,Synthetic Person 0663,Employee,2024-06-24,,2026-09-01T06:00:00Z
HR00664,P0664,Synthetic Person 0664,Employee,2025-03-05,,2026-09-01T06:00:00Z
HR00665,P0665,Synthetic Person 0665,Employee,2023-11-05,,2026-09-01T06:00:00Z
HR00666,P0666,Synthetic Person 0666,Employee,2023-09-02,2025-01-03,2026-09-01T06:00:00Z
HR00667,P0667,Synthetic Person 0667,Employee,2024-04-13,,2026-09-01T06:00:00Z
HR00668,P0668,Synthetic Person 0668,Employee,2025-05-06,,2026-09-01T06:00:00Z
HR00669,P0669,Synthetic Person 0669,Employee,2024-07-02,,2026-09-01T06:00:00Z
HR00670,P0670,Synthetic Person 0670,Contractor,2024-08-11,,2026-09-01T06:00:00Z
HR00671,P0671,Synthetic Person 0671,Employee,2023-10-26,,2026-09-01T06:00:00Z
HR00672,P0672,Synthetic Person 0672,Employee,2024-09-21,,2026-09-01T06:00:00Z
HR00673,P0673,Synthetic Person 0673,Employee,2024-08-07,,2026-09-01T06:00:00Z
HR00674,P0674,Synthetic Person 0674,Employee,2024-11-11,,2026-09-01T06:00:00Z
HR00675,P0675,Synthetic Person 0675,Employee,2024-06-20,2025-08-23,2026-09-01T06:00:00Z
HR00676,P0676,Synthetic Person 0676,Employee,2024-07-11,,2026-09-01T06:00:00Z
HR00677,P0677,Synthetic Person 0677,Employee,2024-07-21,,2026-09-01T06:00:00Z
HR00678,P0678,Synthetic Person 0678,Employee,2025-06-13,,2026-09-01T06:00:00Z
HR00679,P0679,Synthetic Person 0679,Employee,2024-10-12,,2026-09-01T06:00:00Z
HR00680,P0680,Synthetic Person 0680,Contractor,2023-09-17,,2026-09-01T06:00:00Z
HR00681,P0681,Synthetic Person 0681,Employee,2024-01-01,,2026-09-01T06:00:00Z
HR00682,P0682,Synthetic Person 0682,Employee,2023-09-04,,2026-09-01T06:00:00Z
HR00683,P0683,Synthetic Person 0683,Employee,2025-03-01,,2026-09-01T06:00:00Z
HR00684,P0684,Synthetic Person 0684,Employee,2023-05-17,2023-08-30,2026-09-01T06:00:00Z
HR00685,P0685,Synthetic Person 0685,Employee,2023-12-13,,2026-09-01T06:00:00Z
HR00686,P0686,Synthetic Person 0686,Employee,2025-04-30,,2026-09-01T06:00:00Z
HR00687,P0687,Synthetic Person 0687,Employee,2024-12-13,,2026-09-01T06:00:00Z
HR00688,P0688,Synthetic Person 0688,Employee,2025-04-10,,2026-09-01T06:00:00Z
HR00689,P0689,Synthetic Person 0689,Employee,2025-01-03,,2026-09-01T06:00:00Z
HR00690,P0690,Synthetic Person 0690,Contractor,2023-10-28,,2026-09-01T06:00:00Z
HR00691,P0691,Synthetic Person 0691,Employee,2025-03-21,,2026-09-01T06:00:00Z
HR00692,P0692,Synthetic Person 0692,Employee,2023-11-20,,2026-09-01T06:00:00Z
HR00693,P0693,Synthetic Person 0693,Employee,2024-02-12,2025-08-09,2026-09-01T06:00:00Z
HR00694,P0694,Synthetic Person 0694,Employee,2025-02-10,,2026-09-01T06:00:00Z
HR00695,P0695,Synthetic Person 0695,Employee,2023-10-20,,2026-09-01T06:00:00Z
HR00696,P0696,Synthetic Person 0696,Employee,2025-06-05,,2026-09-01T06:00:00Z
HR00697,P0697,Synthetic Person 0697,Employee,2023-10-07,,2026-09-01T06:00:00Z
HR00698,P0698,Synthetic Person 0698,Employee,2024-03-23,,2026-09-01T06:00:00Z
HR00699,P0699,Synthetic Person 0699,Employee,2025-07-05,,2026-09-01T06:00:00Z
HR00700,P0700,Synthetic Person 0700,Contractor,2025-09-24,,2026-09-01T06:00:00Z
HR00701,P0701,Synthetic Person 0701,Employee,2024-12-09,,2026-09-01T06:00:00Z
HR00702,P0702,Synthetic Person 0702,Employee,2025-08-04,2027-03-18,2026-09-01T06:00:00Z
HR00703,P0703,Synthetic Person 0703,Employee,2025-01-14,,2026-09-01T06:00:00Z
HR00704,P0704,Synthetic Person 0704,Employee,2024-03-16,,2026-09-01T06:00:00Z
HR00705,P0705,Synthetic Person 0705,Employee,2024-07-12,,2026-09-01T06:00:00Z
HR00706,P0706,Synthetic Person 0706,Employee,2023-04-16,,2026-09-01T06:00:00Z
HR00707,P0707,Synthetic Person 0707,Employee,2024-11-07,,2026-09-01T06:00:00Z
HR00708,P0708,Synthetic Person 0708,Employee,2024-04-01,,2026-09-01T06:00:00Z
HR00709,P0709,Synthetic Person 0709,Employee,2023-06-20,,2026-09-01T06:00:00Z
HR00710,P0710,Synthetic Person 0710,Contractor,2023-12-26,,2026-09-01T06:00:00Z
HR00711,P0711,Synthetic Person 0711,Employee,2025-01-14,2026-03-11,2026-09-01T06:00:00Z
HR00712,P0712,Synthetic Person 0712,Employee,2023-10-09,,2026-09-01T06:00:00Z
HR00713,P0713,Synthetic Person 0713,Employee,2023-03-18,,2026-09-01T06:00:00Z
HR00714,P0714,Synthetic Person 0714,Employee,2024-01-08,,2026-09-01T06:00:00Z
HR00715,P0715,Synthetic Person 0715,Employee,2025-09-02,,2026-09-01T06:00:00Z
HR00716,P0716,Synthetic Person 0716,Employee,2025-05-19,,2026-09-01T06:00:00Z
HR00717,P0717,Synthetic Person 0717,Employee,2023-02-05,,2026-09-01T06:00:00Z
HR00718,P0718,Synthetic Person 0718,Employee,2023-08-30,,2026-09-01T06:00:00Z
HR00719,P0719,Synthetic Person 0719,Employee,2024-01-06,,2026-09-01T06:00:00Z
HR00720,P0720,Synthetic Person 0720,Contractor,2023-02-03,2023-09-08,2026-09-01T06:00:00Z
HR00721,P0721,Synthetic Person 0721,Employee,2025-08-29,,2026-09-01T06:00:00Z
HR00722,P0722,Synthetic Person 0722,Employee,2024-03-30,,2026-09-01T06:00:00Z
HR00723,P0723,Synthetic Person 0723,Employee,2023-05-21,,2026-09-01T06:00:00Z
HR00724,P0724,Synthetic Person 0724,Employee,2024-02-12,,2026-09-01T06:00:00Z
HR00725,P0725,Synthetic Person 0725,Employee,2023-09-13,,2026-09-01T06:00:00Z
HR00726,P0726,Synthetic Person 0726,Employee,2025-01-23,,2026-09-01T06:00:00Z
HR00727,P0727,Synthetic Person 0727,Employee,2024-06-14,,2026-09-01T06:00:00Z
HR00728,P0728,Synthetic Person 0728,Employee,2023-05-01,,2026-09-01T06:00:00Z
HR00729,P0729,Synthetic Person 0729,Employee,2024-12-21,2026-05-21,2026-09-01T06:00:00Z
HR00730,P0730,Synthetic Person 0730,Contractor,2023-10-20,,2026-09-01T06:00:00Z
HR00731,P0731,Synthetic Person 0731,Employee,2023-07-24,,2026-09-01T06:00:00Z
HR00732,P0732,Synthetic Person 0732,Employee,2025-05-23,,2026-09-01T06:00:00Z
HR00733,P0733,Synthetic Person 0733,Employee,2023-06-26,,2026-09-01T06:00:00Z
HR00734,P0734,Synthetic Person 0734,Employee,2023-03-31,,2026-09-01T06:00:00Z
HR00735,P0735,Synthetic Person 0735,Employee,2024-11-14,,2026-09-01T06:00:00Z
HR00736,P0736,Synthetic Person 0736,Employee,2024-07-17,,2026-09-01T06:00:00Z
HR00737,P0737,Synthetic Person 0737,Employee,2025-07-01,,2026-09-01T06:00:00Z
HR00738,P0738,Synthetic Person 0738,Employee,2024-12-29,2025-08-24,2026-09-01T06:00:00Z
HR00739,P0739,Synthetic Person 0739,Employee,2023-08-18,,2026-09-01T06:00:00Z
HR00740,P0740,Synthetic Person 0740,Contractor,2025-03-22,,2026-09-01T06:00:00Z
HR00741,P0741,Synthetic Person 0741,Employee,2025-03-20,,2026-09-01T06:00:00Z
HR00742,P0742,Synthetic Person 0742,Employee,2024-01-05,,2026-09-01T06:00:00Z
HR00743,P0743,Synthetic Person 0743,Employee,2024-01-13,,2026-09-01T06:00:00Z
HR00744,P0744,Synthetic Person 0744,Employee,2023-05-13,,2026-09-01T06:00:00Z
HR00745,P0745,Synthetic Person 0745,Employee,2023-03-09,,2026-09-01T06:00:00Z
HR00746,P0746,Synthetic Person 0746,Employee,2025-01-04,,2026-09-01T06:00:00Z
HR00747,P0747,Synthetic Person 0747,Employee,2024-06-22,2025-10-15,2026-09-01T06:00:00Z
HR00748,P0748,Synthetic Person 0748,Employee,2023-03-17,,2026-09-01T06:00:00Z
HR00749,P0749,Synthetic Person 0749,Employee,2024-10-19,,2026-09-01T06:00:00Z
HR00750,P0750,Synthetic Person 0750,Contractor,2024-04-22,,2026-09-01T06:00:00Z
HR00751,P0751,Synthetic Person 0751,Employee,2023-12-19,,2026-09-01T06:00:00Z
HR00752,P0752,Synthetic Person 0752,Employee,2024-10-17,,2026-09-01T06:00:00Z
HR00753,P0753,Synthetic Person 0753,Employee,2025-02-25,,2026-09-01T06:00:00Z
HR00754,P0754,Synthetic Person 0754,Employee,2024-05-29,,2026-09-01T06:00:00Z
HR00755,P0755,Synthetic Person 0755,Employee,2024-06-14,,2026-09-01T06:00:00Z
HR00756,P0756,Synthetic Person 0756,Employee,2023-06-18,2024-01-29,2026-09-01T06:00:00Z
HR00757,P0757,Synthetic Person 0757,Employee,2023-12-21,,2026-09-01T06:00:00Z
HR00758,P0758,Synthetic Person 0758,Employee,2025-05-16,,2026-09-01T06:00:00Z
HR00759,P0759,Synthetic Person 0759,Employee,2023-07-21,,2026-09-01T06:00:00Z
HR00760,P0760,Synthetic Person 0760,Contractor,2023-10-09,,2026-09-01T06:00:00Z
HR00761,P0761,Synthetic Person 0761,Employee,2024-09-21,,2026-09-01T06:00:00Z
HR00762,P0762,Synthetic Person 0762,Employee,2024-05-29,,2026-09-01T06:00:00Z
HR00763,P0763,Synthetic Person 0763,Employee,2024-08-29,,2026-09-01T06:00:00Z
HR00764,P0764,Synthetic Person 0764,Employee,2023-06-25,,2026-09-01T06:00:00Z
HR00765,P0765,Synthetic Person 0765,Employee,2025-01-07,2026-02-16,2026-09-01T06:00:00Z
HR00766,P0766,Synthetic Person 0766,Employee,2025-04-25,,2026-09-01T06:00:00Z
HR00767,P0767,Synthetic Person 0767,Employee,2023-02-16,,2026-09-01T06:00:00Z
HR00768,P0768,Synthetic Person 0768,Employee,2023-09-29,,2026-09-01T06:00:00Z
HR00769,P0769,Synthetic Person 0769,Employee,2025-02-24,,2026-09-01T06:00:00Z
HR00770,P0770,Synthetic Person 0770,Contractor,2024-09-24,,2026-09-01T06:00:00Z
HR00771,P0771,Synthetic Person 0771,Employee,2024-05-24,,2026-09-01T06:00:00Z
HR00772,P0772,Synthetic Person 0772,Employee,2023-10-24,,2026-09-01T06:00:00Z
HR00773,P0773,Synthetic Person 0773,Employee,2024-05-09,,2026-09-01T06:00:00Z
HR00774,P0774,Synthetic Person 0774,Employee,2023-11-01,2025-04-08,2026-09-01T06:00:00Z
HR00775,P0775,Synthetic Person 0775,Employee,2023-06-11,,2026-09-01T06:00:00Z
HR00776,P0776,Synthetic Person 0776,Employee,2024-05-10,,2026-09-01T06:00:00Z
HR00777,P0777,Synthetic Person 0777,Employee,2023-12-15,,2026-09-01T06:00:00Z
HR00778,P0778,Synthetic Person 0778,Employee,2023-11-17,,2026-09-01T06:00:00Z
HR00779,P0779,Synthetic Person 0779,Employee,2025-01-21,,2026-09-01T06:00:00Z
HR00780,P0780,Synthetic Person 0780,Contractor,2023-05-14,,2026-09-01T06:00:00Z
HR00781,P0781,Synthetic Person 0781,Employee,2024-07-29,,2026-09-01T06:00:00Z
HR00782,P0782,Synthetic Person 0782,Employee,2023-09-05,,2026-09-01T06:00:00Z
HR00783,P0783,Synthetic Person 0783,Employee,2023-10-01,2025-03-04,2026-09-01T06:00:00Z
HR00784,P0784,Synthetic Person 0784,Employee,2023-04-10,,2026-09-01T06:00:00Z
HR00785,P0785,Synthetic Person 0785,Employee,2025-08-26,,2026-09-01T06:00:00Z
HR00786,P0786,Synthetic Person 0786,Employee,2024-03-04,,2026-09-01T06:00:00Z
HR00787,P0787,Synthetic Person 0787,Employee,2025-04-13,,2026-09-01T06:00:00Z
HR00788,P0788,Synthetic Person 0788,Employee,2025-01-08,,2026-09-01T06:00:00Z
HR00789,P0789,Synthetic Person 0789,Employee,2025-02-20,,2026-09-01T06:00:00Z
HR00790,P0790,Synthetic Person 0790,Contractor,2024-06-11,,2026-09-01T06:00:00Z
HR00791,P0791,Synthetic Person 0791,Employee,2025-06-19,,2026-09-01T06:00:00Z
HR00792,P0792,Synthetic Person 0792,Employee,2023-01-24,2023-06-25,2026-09-01T06:00:00Z
HR00793,P0793,Synthetic Person 0793,Employee,2024-04-13,,2026-09-01T06:00:00Z
HR00794,P0794,Synthetic Person 0794,Employee,2024-08-20,,2026-09-01T06:00:00Z
HR00795,P0795,Synthetic Person 0795,Employee,2023-02-21,,2026-09-01T06:00:00Z
HR00796,P0796,Synthetic Person 0796,Employee,2024-09-03,,2026-09-01T06:00:00Z
HR00797,P0797,Synthetic Person 0797,Employee,2023-10-20,,2026-09-01T06:00:00Z
HR00798,P0798,Synthetic Person 0798,Employee,2025-05-17,,2026-09-01T06:00:00Z
HR00799,P0799,Synthetic Person 0799,Employee,2023-05-18,,2026-09-01T06:00:00Z
HR00800,P0800,Synthetic Person 0800,Contractor,2025-02-21,,2026-09-01T06:00:00Z
HR00801,P0801,Synthetic Person 0801,Employee,2023-02-16,2024-05-31,2026-09-01T06:00:00Z
HR00802,P0802,Synthetic Person 0802,Employee,2024-07-29,,2026-09-01T06:00:00Z
HR00803,P0803,Synthetic Person 0803,Employee,2024-07-20,,2026-09-01T06:00:00Z
HR00804,P0804,Synthetic Person 0804,Employee,2024-01-31,,2026-09-01T06:00:00Z
HR00805,P0805,Synthetic Person 0805,Employee,2025-02-21,,2026-09-01T06:00:00Z
HR00806,P0806,Synthetic Person 0806,Employee,2025-04-25,,2026-09-01T06:00:00Z
HR00807,P0807,Synthetic Person 0807,Employee,2023-05-02,,2026-09-01T06:00:00Z
HR00808,P0808,Synthetic Person 0808,Employee,2024-02-08,,2026-09-01T06:00:00Z
HR00809,P0809,Synthetic Person 0809,Employee,2024-07-25,,2026-09-01T06:00:00Z
HR00810,P0810,Synthetic Person 0810,Contractor,2023-07-23,2025-02-23,2026-09-01T06:00:00Z
HR00811,P0811,Synthetic Person 0811,Employee,2023-02-11,,2026-09-01T06:00:00Z
HR00812,P0812,Synthetic Person 0812,Employee,2023-05-21,,2026-09-01T06:00:00Z
HR00813,P0813,Synthetic Person 0813,Employee,2025-04-03,,2026-09-01T06:00:00Z
HR00814,P0814,Synthetic Person 0814,Employee,2024-04-12,,2026-09-01T06:00:00Z
HR00815,P0815,Synthetic Person 0815,Employee,2025-07-03,,2026-09-01T06:00:00Z
HR00816,P0816,Synthetic Person 0816,Employee,2023-12-02,,2026-09-01T06:00:00Z
HR00817,P0817,Synthetic Person 0817,Employee,2023-06-16,,2026-09-01T06:00:00Z
HR00818,P0818,Synthetic Person 0818,Employee,2025-01-27,,2026-09-01T06:00:00Z
HR00819,P0819,Synthetic Person 0819,Employee,2023-12-11,2025-07-12,2026-09-01T06:00:00Z
HR00820,P0820,Synthetic Person 0820,Contractor,2024-05-16,,2026-09-01T06:00:00Z
HR00821,P0821,Synthetic Person 0821,Employee,2023-11-03,,2026-09-01T06:00:00Z
HR00822,P0822,Synthetic Person 0822,Employee,2024-01-13,,2026-09-01T06:00:00Z
HR00823,P0823,Synthetic Person 0823,Employee,2024-03-02,,2026-09-01T06:00:00Z
HR00824,P0824,Synthetic Person 0824,Employee,2025-03-26,,2026-09-01T06:00:00Z
HR00825,P0825,Synthetic Person 0825,Employee,2024-09-03,,2026-09-01T06:00:00Z
HR00826,P0826,Synthetic Person 0826,Employee,2025-09-17,,2026-09-01T06:00:00Z
HR00827,P0827,Synthetic Person 0827,Employee,2024-08-14,,2026-09-01T06:00:00Z
HR00828,P0828,Synthetic Person 0828,Employee,2024-08-20,2026-02-22,2026-09-01T06:00:00Z
HR00829,P0829,Synthetic Person 0829,Employee,2024-10-06,,2026-09-01T06:00:00Z
HR00830,P0830,Synthetic Person 0830,Contractor,2025-03-04,,2026-09-01T06:00:00Z
HR00831,P0831,Synthetic Person 0831,Employee,2025-04-21,,2026-09-01T06:00:00Z
HR00832,P0832,Synthetic Person 0832,Employee,2023-02-02,,2026-09-01T06:00:00Z
HR00833,P0833,Synthetic Person 0833,Employee,2023-07-15,,2026-09-01T06:00:00Z
HR00834,P0834,Synthetic Person 0834,Employee,2023-11-18,,2026-09-01T06:00:00Z
HR00835,P0835,Synthetic Person 0835,Employee,2024-02-27,,2026-09-01T06:00:00Z
HR00836,P0836,Synthetic Person 0836,Employee,2024-02-25,,2026-09-01T06:00:00Z
HR00837,P0837,Synthetic Person 0837,Employee,2025-07-31,2027-01-24,2026-09-01T06:00:00Z
HR00838,P0838,Synthetic Person 0838,Employee,2024-12-23,,2026-09-01T06:00:00Z
HR00839,P0839,Synthetic Person 0839,Employee,2023-08-01,,2026-09-01T06:00:00Z
HR00840,P0840,Synthetic Person 0840,Contractor,2024-11-09,,2026-09-01T06:00:00Z
HR00841,P0841,Synthetic Person 0841,Employee,2024-01-21,,2026-09-01T06:00:00Z
HR00842,P0842,Synthetic Person 0842,Employee,2024-04-15,,2026-09-01T06:00:00Z
HR00843,P0843,Synthetic Person 0843,Employee,2024-07-13,,2026-09-01T06:00:00Z
HR00844,P0844,Synthetic Person 0844,Employee,2024-09-16,,2026-09-01T06:00:00Z
HR00845,P0845,Synthetic Person 0845,Employee,2025-09-07,,2026-09-01T06:00:00Z
HR00846,P0846,Synthetic Person 0846,Employee,2024-07-25,2025-07-25,2026-09-01T06:00:00Z
HR00847,P0847,Synthetic Person 0847,Employee,2025-02-28,,2026-09-01T06:00:00Z
HR00848,P0848,Synthetic Person 0848,Employee,2024-12-07,,2026-09-01T06:00:00Z
HR00849,P0849,Synthetic Person 0849,Employee,2023-11-21,,2026-09-01T06:00:00Z
HR00850,P0850,Synthetic Person 0850,Contractor,2024-07-27,,2026-09-01T06:00:00Z
HR00851,P0851,Synthetic Person 0851,Employee,2023-10-22,,2026-09-01T06:00:00Z
HR00852,P0852,Synthetic Person 0852,Employee,2024-11-23,,2026-09-01T06:00:00Z
HR00853,P0853,Synthetic Person 0853,Employee,2025-07-06,,2026-09-01T06:00:00Z
HR00854,P0854,Synthetic Person 0854,Employee,2025-09-04,,2026-09-01T06:00:00Z
HR00855,P0855,Synthetic Person 0855,Employee,2023-02-13,2024-02-02,2026-09-01T06:00:00Z
HR00856,P0856,Synthetic Person 0856,Employee,2023-12-21,,2026-09-01T06:00:00Z
HR00857,P0857,Synthetic Person 0857,Employee,2025-02-04,,2026-09-01T06:00:00Z
HR00858,P0858,Synthetic Person 0858,Employee,2023-07-26,,2026-09-01T06:00:00Z
HR00859,P0859,Synthetic Person 0859,Employee,2025-08-13,,2026-09-01T06:00:00Z
HR00860,P0860,Synthetic Person 0860,Contractor,2023-05-21,,2026-09-01T06:00:00Z
HR00861,P0861,Synthetic Person 0861,Employee,2025-01-28,,2026-09-01T06:00:00Z
HR00862,P0862,Synthetic Person 0862,Employee,2023-09-06,,2026-09-01T06:00:00Z
HR00863,P0863,Synthetic Person 0863,Employee,2023-08-20,,2026-09-01T06:00:00Z
HR00864,P0864,Synthetic Person 0864,Employee,2023-02-23,2023-08-04,2026-09-01T06:00:00Z
HR00865,P0865,Synthetic Person 0865,Employee,2025-01-04,,2026-09-01T06:00:00Z
HR00866,P0866,Synthetic Person 0866,Employee,2024-11-28,,2026-09-01T06:00:00Z
HR00867,P0867,Synthetic Person 0867,Employee,2025-09-14,,2026-09-01T06:00:00Z
HR00868,P0868,Synthetic Person 0868,Employee,2024-02-21,,2026-09-01T06:00:00Z
HR00869,P0869,Synthetic Person 0869,Employee,2024-05-03,,2026-09-01T06:00:00Z
HR00870,P0870,Synthetic Person 0870,Contractor,2025-02-13,,2026-09-01T06:00:00Z
HR00871,P0871,Synthetic Person 0871,Employee,2023-10-20,,2026-09-01T06:00:00Z
HR00872,P0872,Synthetic Person 0872,Employee,2025-07-18,,2026-09-01T06:00:00Z
HR00873,P0873,Synthetic Person 0873,Employee,2023-08-26,2023-12-02,2026-09-01T06:00:00Z
HR00874,P0874,Synthetic Person 0874,Employee,2025-06-22,,2026-09-01T06:00:00Z
HR00875,P0875,Synthetic Person 0875,Employee,2025-05-06,,2026-09-01T06:00:00Z
HR00876,P0876,Synthetic Person 0876,Employee,2023-07-10,,2026-09-01T06:00:00Z
HR00877,P0877,Synthetic Person 0877,Employee,2025-06-16,,2026-09-01T06:00:00Z
HR00878,P0878,Synthetic Person 0878,Employee,2023-11-02,,2026-09-01T06:00:00Z
HR00879,P0879,Synthetic Person 0879,Employee,2023-04-20,,2026-09-01T06:00:00Z
HR00880,P0880,Synthetic Person 0880,Contractor,2024-04-10,,2026-09-01T06:00:00Z
HR00881,P0881,Synthetic Person 0881,Employee,2024-06-20,,2026-09-01T06:00:00Z
HR00882,P0882,Synthetic Person 0882,Employee,2025-05-21,2026-12-18,2026-09-01T06:00:00Z
HR00883,P0883,Synthetic Person 0883,Employee,2023-07-17,,2026-09-01T06:00:00Z
HR00884,P0884,Synthetic Person 0884,Employee,2023-06-16,,2026-09-01T06:00:00Z
HR00885,P0885,Synthetic Person 0885,Employee,2024-10-25,,2026-09-01T06:00:00Z
HR00886,P0886,Synthetic Person 0886,Employee,2023-01-15,,2026-09-01T06:00:00Z
HR00887,P0887,Synthetic Person 0887,Employee,2025-03-20,,2026-09-01T06:00:00Z
HR00888,P0888,Synthetic Person 0888,Employee,2024-11-21,,2026-09-01T06:00:00Z
HR00889,P0889,Synthetic Person 0889,Employee,2024-09-17,,2026-09-01T06:00:00Z
HR00890,P0890,Synthetic Person 0890,Contractor,2025-04-26,,2026-09-01T06:00:00Z
HR00891,P0891,Synthetic Person 0891,Employee,2023-12-02,2024-04-28,2026-09-01T06:00:00Z
HR00892,P0892,Synthetic Person 0892,Employee,2023-07-09,,2026-09-01T06:00:00Z
HR00893,P0893,Synthetic Person 0893,Employee,2023-11-28,,2026-09-01T06:00:00Z
HR00894,P0894,Synthetic Person 0894,Employee,2023-09-25,,2026-09-01T06:00:00Z
HR00895,P0895,Synthetic Person 0895,Employee,2024-04-02,,2026-09-01T06:00:00Z
HR00896,P0896,Synthetic Person 0896,Employee,2023-11-06,,2026-09-01T06:00:00Z
HR00897,P0897,Synthetic Person 0897,Employee,2023-01-12,,2026-09-01T06:00:00Z
HR00898,P0898,Synthetic Person 0898,Employee,2024-12-10,,2026-09-01T06:00:00Z
HR00899,P0899,Synthetic Person 0899,Employee,2024-11-14,,2026-09-01T06:00:00Z
HR00900,P0900,Synthetic Person 0900,Contractor,2023-11-11,2024-06-21,2026-09-01T06:00:00Z
HR00901,P0901,Synthetic Person 0901,Employee,2025-08-03,,2026-09-01T06:00:00Z
HR00902,P0902,Synthetic Person 0902,Employee,2024-12-07,,2026-09-01T06:00:00Z
HR00903,P0903,Synthetic Person 0903,Employee,2024-01-12,,2026-09-01T06:00:00Z
HR00904,P0904,Synthetic Person 0904,Employee,2023-08-13,,2026-09-01T06:00:00Z
HR00905,P0905,Synthetic Person 0905,Employee,2023-06-06,,2026-09-01T06:00:00Z
HR00906,P0906,Synthetic Person 0906,Employee,2024-01-18,,2026-09-01T06:00:00Z
HR00907,P0907,Synthetic Person 0907,Employee,2025-07-23,,2026-09-01T06:00:00Z
HR00908,P0908,Synthetic Person 0908,Employee,2025-04-01,,2026-09-01T06:00:00Z
HR00909,P0909,Synthetic Person 0909,Employee,2025-02-19,2025-12-29,2026-09-01T06:00:00Z
HR00910,P0910,Synthetic Person 0910,Contractor,2025-06-13,,2026-09-01T06:00:00Z
HR00911,P0911,Synthetic Person 0911,Employee,2024-04-02,,2026-09-01T06:00:00Z
HR00912,P0912,Synthetic Person 0912,Employee,2023-03-21,,2026-09-01T06:00:00Z
HR00913,P0913,Synthetic Person 0913,Employee,2023-03-05,,2026-09-01T06:00:00Z
HR00914,P0914,Synthetic Person 0914,Employee,2023-07-27,,2026-09-01T06:00:00Z
HR00915,P0915,Synthetic Person 0915,Employee,2023-06-03,,2026-09-01T06:00:00Z
HR00916,P0916,Synthetic Person 0916,Employee,2025-05-24,,2026-09-01T06:00:00Z
HR00917,P0917,Synthetic Person 0917,Employee,2023-04-30,,2026-09-01T06:00:00Z
HR00918,P0918,Synthetic Person 0918,Employee,2025-01-04,2026-07-18,2026-09-01T06:00:00Z
HR00919,P0919,Synthetic Person 0919,Employee,2024-04-01,,2026-09-01T06:00:00Z
HR00920,P0920,Synthetic Person 0920,Contractor,2023-05-16,,2026-09-01T06:00:00Z
HR00921,P0921,Synthetic Person 0921,Employee,2024-04-12,,2026-09-01T06:00:00Z
HR00922,P0922,Synthetic Person 0922,Employee,2024-07-26,,2026-09-01T06:00:00Z
HR00923,P0923,Synthetic Person 0923,Employee,2025-01-10,,2026-09-01T06:00:00Z
HR00924,P0924,Synthetic Person 0924,Employee,2023-09-18,,2026-09-01T06:00:00Z
HR00925,P0925,Synthetic Person 0925,Employee,2024-08-15,,2026-09-01T06:00:00Z
HR00926,P0926,Synthetic Person 0926,Employee,2024-03-09,,2026-09-01T06:00:00Z
HR00927,P0927,Synthetic Person 0927,Employee,2024-07-08,2024-11-06,2026-09-01T06:00:00Z
HR00928,P0928,Synthetic Person 0928,Employee,2023-02-02,,2026-09-01T06:00:00Z
HR00929,P0929,Synthetic Person 0929,Employee,2023-07-04,,2026-09-01T06:00:00Z
HR00930,P0930,Synthetic Person 0930,Contractor,2024-01-19,,2026-09-01T06:00:00Z
HR00931,P0931,Synthetic Person 0931,Employee,2025-06-09,,2026-09-01T06:00:00Z
HR00932,P0932,Synthetic Person 0932,Employee,2023-03-24,,2026-09-01T06:00:00Z
HR00933,P0933,Synthetic Person 0933,Employee,2023-05-17,,2026-09-01T06:00:00Z
HR00934,P0934,Synthetic Person 0934,Employee,2023-05-02,,2026-09-01T06:00:00Z
HR00935,P0935,Synthetic Person 0935,Employee,2024-02-07,,2026-09-01T06:00:00Z
HR00936,P0936,Synthetic Person 0936,Employee,2025-01-15,2025-10-30,2026-09-01T06:00:00Z
HR00937,P0937,Synthetic Person 0937,Employee,2023-11-02,,2026-09-01T06:00:00Z
HR00938,P0938,Synthetic Person 0938,Employee,2024-03-10,,2026-09-01T06:00:00Z
HR00939,P0939,Synthetic Person 0939,Employee,2025-04-23,,2026-09-01T06:00:00Z
HR00940,P0940,Synthetic Person 0940,Contractor,2024-04-16,,2026-09-01T06:00:00Z
HR00941,P0941,Synthetic Person 0941,Employee,2023-10-10,,2026-09-01T06:00:00Z
HR00942,P0942,Synthetic Person 0942,Employee,2023-02-02,,2026-09-01T06:00:00Z
HR00943,P0943,Synthetic Person 0943,Employee,2024-09-21,,2026-09-01T06:00:00Z
HR00944,P0944,Synthetic Person 0944,Employee,2023-07-31,,2026-09-01T06:00:00Z
HR00945,P0945,Synthetic Person 0945,Employee,2024-08-31,2024-12-03,2026-09-01T06:00:00Z
HR00946,P0946,Synthetic Person 0946,Employee,2024-11-19,,2026-09-01T06:00:00Z
HR00947,P0947,Synthetic Person 0947,Employee,2023-09-08,,2026-09-01T06:00:00Z
HR00948,P0948,Synthetic Person 0948,Employee,2024-02-16,,2026-09-01T06:00:00Z
HR00949,P0949,Synthetic Person 0949,Employee,2024-07-06,,2026-09-01T06:00:00Z
HR00950,P0950,Synthetic Person 0950,Contractor,2023-05-24,,2026-09-01T06:00:00Z
HR00951,P0951,Synthetic Person 0951,Employee,2023-08-28,,2026-09-01T06:00:00Z
HR00952,P0952,Synthetic Person 0952,Employee,2023-11-23,,2026-09-01T06:00:00Z
HR00953,P0953,Synthetic Person 0953,Employee,2025-03-02,,2026-09-01T06:00:00Z
HR00954,P0954,Synthetic Person 0954,Employee,2023-08-31,2024-09-03,2026-09-01T06:00:00Z
HR00955,P0955,Synthetic Person 0955,Employee,2023-08-15,,2026-09-01T06:00:00Z
HR00956,P0956,Synthetic Person 0956,Employee,2023-10-09,,2026-09-01T06:00:00Z
HR00957,P0957,Synthetic Person 0957,Employee,2025-08-29,,2026-09-01T06:00:00Z
HR00958,P0958,Synthetic Person 0958,Employee,2024-10-03,,2026-09-01T06:00:00Z
HR00959,P0959,Synthetic Person 0959,Employee,2024-07-23,,2026-09-01T06:00:00Z
HR00960,P0960,Synthetic Person 0960,Contractor,2025-09-22,,2026-09-01T06:00:00Z
HR00961,P0961,Synthetic Person 0961,Employee,2025-03-15,,2026-09-01T06:00:00Z
HR00962,P0962,Synthetic Person 0962,Employee,2024-12-14,,2026-09-01T06:00:00Z
HR00963,P0963,Synthetic Person 0963,Employee,2023-06-02,2024-06-03,2026-09-01T06:00:00Z
HR00964,P0964,Synthetic Person 0964,Employee,2025-02-11,,2026-09-01T06:00:00Z
HR00965,P0965,Synthetic Person 0965,Employee,2023-09-04,,2026-09-01T06:00:00Z
HR00966,P0966,Synthetic Person 0966,Employee,2025-05-28,,2026-09-01T06:00:00Z
HR00967,P0967,Synthetic Person 0967,Employee,2025-04-05,,2026-09-01T06:00:00Z
HR00968,P0968,Synthetic Person 0968,Employee,2024-07-29,,2026-09-01T06:00:00Z
HR00969,P0969,Synthetic Person 0969,Employee,2024-07-24,,2026-09-01T06:00:00Z
HR00970,P0970,Synthetic Person 0970,Contractor,2024-02-02,,2026-09-01T06:00:00Z
HR00971,P0971,Synthetic Person 0971,Employee,2023-07-28,,2026-09-01T06:00:00Z
HR00972,P0972,Synthetic Person 0972,Employee,2025-08-02,2027-01-04,2026-09-01T06:00:00Z
HR00973,P0973,Synthetic Person 0973,Employee,2024-07-02,,2026-09-01T06:00:00Z
HR00974,P0974,Synthetic Person 0974,Employee,2023-02-22,,2026-09-01T06:00:00Z
HR00975,P0975,Synthetic Person 0975,Employee,2024-11-20,,2026-09-01T06:00:00Z
HR00976,P0976,Synthetic Person 0976,Employee,2023-02-10,,2026-09-01T06:00:00Z
HR00977,P0977,Synthetic Person 0977,Employee,2025-04-03,,2026-09-01T06:00:00Z
HR00978,P0978,Synthetic Person 0978,Employee,2023-08-11,,2026-09-01T06:00:00Z
HR00979,P0979,Synthetic Person 0979,Employee,2025-06-09,,2026-09-01T06:00:00Z
HR00980,P0980,Synthetic Person 0980,Contractor,2025-09-06,,2026-09-01T06:00:00Z
HR00981,P0981,Synthetic Person 0981,Employee,2025-08-17,2026-04-28,2026-09-01T06:00:00Z
HR00982,P0982,Synthetic Person 0982,Employee,2025-02-03,,2026-09-01T06:00:00Z
HR00983,P0983,Synthetic Person 0983,Employee,2024-12-13,,2026-09-01T06:00:00Z
HR00984,P0984,Synthetic Person 0984,Employee,2024-02-11,,2026-09-01T06:00:00Z
HR00985,P0985,Synthetic Person 0985,Employee,2023-11-26,,2026-09-01T06:00:00Z
HR00986,P0986,Synthetic Person 0986,Employee,2024-04-22,,2026-09-01T06:00:00Z
HR00987,P0987,Synthetic Person 0987,Employee,2023-11-12,,2026-09-01T06:00:00Z
HR00988,P0988,Synthetic Person 0988,Employee,2024-06-09,,2026-09-01T06:00:00Z
HR00989,P0989,Synthetic Person 0989,Employee,2023-04-11,,2026-09-01T06:00:00Z
HR00990,P0990,Synthetic Person 0990,Contractor,2025-02-18,2026-03-12,2026-09-01T06:00:00Z
HR00991,P0991,Synthetic Person 0991,Employee,2023-11-17,,2026-09-01T06:00:00Z
HR00992,P0992,Synthetic Person 0992,Employee,2024-07-30,,2026-09-01T06:00:00Z
HR00993,P0993,Synthetic Person 0993,Employee,2023-01-17,,2026-09-01T06:00:00Z
HR00994,P0994,Synthetic Person 0994,Employee,2025-08-15,,2026-09-01T06:00:00Z
HR00995,P0995,Synthetic Person 0995,Employee,2025-01-07,,2026-09-01T06:00:00Z
HR00996,P0996,Synthetic Person 0996,Employee,2023-06-06,,2026-09-01T06:00:00Z
HR00997,P0997,Synthetic Person 0997,Employee,2023-08-24,,2026-09-01T06:00:00Z
HR00998,P0998,Synthetic Person 0998,Employee,2025-05-03,,2026-09-01T06:00:00Z
HR00999,P0999,Synthetic Person 0999,Employee,2024-07-17,2025-08-26,2026-09-01T06:00:00Z
HR01000,P1000,Synthetic Person 1000,Contractor,2025-09-16,,2026-09-01T06:00:00Z
HR01001,P1001,Synthetic Person 1001,Employee,2024-04-16,,2026-09-01T06:00:00Z
HR01002,P1002,Synthetic Person 1002,Employee,2023-06-23,,2026-09-01T06:00:00Z
HR01003,P1003,Synthetic Person 1003,Employee,2024-05-15,,2026-09-01T06:00:00Z
HR01004,P1004,Synthetic Person 1004,Employee,2024-10-19,,2026-09-01T06:00:00Z
HR01005,P1005,Synthetic Person 1005,Employee,2023-02-04,,2026-09-01T06:00:00Z
HR01006,P1006,Synthetic Person 1006,Employee,2025-02-21,,2026-09-01T06:00:00Z
HR01007,P1007,Synthetic Person 1007,Employee,2023-05-21,,2026-09-01T06:00:00Z
HR01008,P1008,Synthetic Person 1008,Employee,2023-03-11,2023-10-11,2026-09-01T06:00:00Z
HR01009,P1009,Synthetic Person 1009,Employee,2024-06-01,,2026-09-01T06:00:00Z
HR01010,P1010,Synthetic Person 1010,Contractor,2023-03-03,,2026-09-01T06:00:00Z
HR01011,P1011,Synthetic Person 1011,Employee,2025-07-23,,2026-09-01T06:00:00Z
HR01012,P1012,Synthetic Person 1012,Employee,2023-01-17,,2026-09-01T06:00:00Z
HR01013,P1013,Synthetic Person 1013,Employee,2024-07-18,,2026-09-01T06:00:00Z
HR01014,P1014,Synthetic Person 1014,Employee,2023-01-18,,2026-09-01T06:00:00Z
HR01015,P1015,Synthetic Person 1015,Employee,2024-07-02,,2026-09-01T06:00:00Z
HR01016,P1016,Synthetic Person 1016,Employee,2024-05-29,,2026-09-01T06:00:00Z
HR01017,P1017,Synthetic Person 1017,Employee,2025-04-05,2025-12-04,2026-09-01T06:00:00Z
HR01018,P1018,Synthetic Person 1018,Employee,2024-06-20,,2026-09-01T06:00:00Z
HR01019,P1019,Synthetic Person 1019,Employee,2023-07-16,,2026-09-01T06:00:00Z
HR01020,P1020,Synthetic Person 1020,Contractor,2023-09-16,,2026-09-01T06:00:00Z
HR01021,P1021,Synthetic Person 1021,Employee,2025-03-25,,2026-09-01T06:00:00Z
HR01022,P1022,Synthetic Person 1022,Employee,2024-01-18,,2026-09-01T06:00:00Z
HR01023,P1023,Synthetic Person 1023,Employee,2024-08-01,,2026-09-01T06:00:00Z
HR01024,P1024,Synthetic Person 1024,Employee,2023-11-04,,2026-09-01T06:00:00Z
HR01025,P1025,Synthetic Person 1025,Employee,2024-10-31,,2026-09-01T06:00:00Z
HR01026,P1026,Synthetic Person 1026,Employee,2023-04-06,2024-07-24,2026-09-01T06:00:00Z
HR01027,P1027,Synthetic Person 1027,Employee,2024-07-19,,2026-09-01T06:00:00Z
HR01028,P1028,Synthetic Person 1028,Employee,2024-10-14,,2026-09-01T06:00:00Z
HR01029,P1029,Synthetic Person 1029,Employee,2023-03-26,,2026-09-01T06:00:00Z
HR01030,P1030,Synthetic Person 1030,Contractor,2024-10-22,,2026-09-01T06:00:00Z
HR01031,P1031,Synthetic Person 1031,Employee,2025-05-28,,2026-09-01T06:00:00Z
HR01032,P1032,Synthetic Person 1032,Employee,2025-07-30,,2026-09-01T06:00:00Z
HR01033,P1033,Synthetic Person 1033,Employee,2023-08-05,,2026-09-01T06:00:00Z
HR01034,P1034,Synthetic Person 1034,Employee,2024-05-01,,2026-09-01T06:00:00Z
HR01035,P1035,Synthetic Person 1035,Employee,2025-08-04,2025-12-18,2026-09-01T06:00:00Z
HR01036,P1036,Synthetic Person 1036,Employee,2025-07-09,,2026-09-01T06:00:00Z
HR01037,P1037,Synthetic Person 1037,Employee,2024-11-04,,2026-09-01T06:00:00Z
HR01038,P1038,Synthetic Person 1038,Employee,2025-08-09,,2026-09-01T06:00:00Z
HR01039,P1039,Synthetic Person 1039,Employee,2025-09-11,,2026-09-01T06:00:00Z
HR01040,P1040,Synthetic Person 1040,Contractor,2023-05-28,,2026-09-01T06:00:00Z
HR01041,P1041,Synthetic Person 1041,Employee,2025-08-09,,2026-09-01T06:00:00Z
HR01042,P1042,Synthetic Person 1042,Employee,2023-06-16,,2026-09-01T06:00:00Z
HR01043,P1043,Synthetic Person 1043,Employee,2024-08-03,,2026-09-01T06:00:00Z
HR01044,P1044,Synthetic Person 1044,Employee,2023-12-06,2025-03-03,2026-09-01T06:00:00Z
HR01045,P1045,Synthetic Person 1045,Employee,2025-03-20,,2026-09-01T06:00:00Z
HR01046,P1046,Synthetic Person 1046,Employee,2024-05-27,,2026-09-01T06:00:00Z
HR01047,P1047,Synthetic Person 1047,Employee,2023-02-24,,2026-09-01T06:00:00Z
HR01048,P1048,Synthetic Person 1048,Employee,2023-08-26,,2026-09-01T06:00:00Z
HR01049,P1049,Synthetic Person 1049,Employee,2024-09-11,,2026-09-01T06:00:00Z
HR01050,P1050,Synthetic Person 1050,Contractor,2024-02-11,,2026-09-01T06:00:00Z
HR01051,P1051,Synthetic Person 1051,Employee,2024-10-11,,2026-09-01T06:00:00Z
HR01052,P1052,Synthetic Person 1052,Employee,2024-05-17,,2026-09-01T06:00:00Z
HR01053,P1053,Synthetic Person 1053,Employee,2024-07-20,2025-10-07,2026-09-01T06:00:00Z
HR01054,P1054,Synthetic Person 1054,Employee,2024-11-27,,2026-09-01T06:00:00Z
HR01055,P1055,Synthetic Person 1055,Employee,2023-03-29,,2026-09-01T06:00:00Z
HR01056,P1056,Synthetic Person 1056,Employee,2025-03-28,,2026-09-01T06:00:00Z
HR01057,P1057,Synthetic Person 1057,Employee,2023-03-26,,2026-09-01T06:00:00Z
HR01058,P1058,Synthetic Person 1058,Employee,2024-01-25,,2026-09-01T06:00:00Z
HR01059,P1059,Synthetic Person 1059,Employee,2025-01-27,,2026-09-01T06:00:00Z
HR01060,P1060,Synthetic Person 1060,Contractor,2024-01-05,,2026-09-01T06:00:00Z
HR01061,P1061,Synthetic Person 1061,Employee,2023-01-06,,2026-09-01T06:00:00Z
HR01062,P1062,Synthetic Person 1062,Employee,2024-01-04,2024-12-05,2026-09-01T06:00:00Z
HR01063,P1063,Synthetic Person 1063,Employee,2023-03-31,,2026-09-01T06:00:00Z
HR01064,P1064,Synthetic Person 1064,Employee,2024-04-04,,2026-09-01T06:00:00Z
HR01065,P1065,Synthetic Person 1065,Employee,2024-06-08,,2026-09-01T06:00:00Z
HR01066,P1066,Synthetic Person 1066,Employee,2023-01-27,,2026-09-01T06:00:00Z
HR01067,P1067,Synthetic Person 1067,Employee,2024-07-21,,2026-09-01T06:00:00Z
HR01068,P1068,Synthetic Person 1068,Employee,2024-09-04,,2026-09-01T06:00:00Z
HR01069,P1069,Synthetic Person 1069,Employee,2023-01-13,,2026-09-01T06:00:00Z
HR01070,P1070,Synthetic Person 1070,Contractor,2024-02-02,,2026-09-01T06:00:00Z
HR01071,P1071,Synthetic Person 1071,Employee,2025-07-15,2026-05-19,2026-09-01T06:00:00Z
HR01072,P1072,Synthetic Person 1072,Employee,2023-06-23,,2026-09-01T06:00:00Z
HR01073,P1073,Synthetic Person 1073,Employee,2023-06-23,,2026-09-01T06:00:00Z
HR01074,P1074,Synthetic Person 1074,Employee,2023-11-05,,2026-09-01T06:00:00Z
HR01075,P1075,Synthetic Person 1075,Employee,2023-05-30,,2026-09-01T06:00:00Z
HR01076,P1076,Synthetic Person 1076,Employee,2024-03-21,,2026-09-01T06:00:00Z
HR01077,P1077,Synthetic Person 1077,Employee,2023-11-03,,2026-09-01T06:00:00Z
HR01078,P1078,Synthetic Person 1078,Employee,2024-01-05,,2026-09-01T06:00:00Z
HR01079,P1079,Synthetic Person 1079,Employee,2025-01-08,,2026-09-01T06:00:00Z
HR01080,P1080,Synthetic Person 1080,Contractor,2024-08-31,2025-05-18,2026-09-01T06:00:00Z
HR01081,P1081,Synthetic Person 1081,Employee,2023-05-19,,2026-09-01T06:00:00Z
HR01082,P1082,Synthetic Person 1082,Employee,2025-08-29,,2026-09-01T06:00:00Z
HR01083,P1083,Synthetic Person 1083,Employee,2025-05-11,,2026-09-01T06:00:00Z
HR01084,P1084,Synthetic Person 1084,Employee,2025-04-03,,2026-09-01T06:00:00Z
HR01085,P1085,Synthetic Person 1085,Employee,2023-12-09,,2026-09-01T06:00:00Z
HR01086,P1086,Synthetic Person 1086,Employee,2023-05-20,,2026-09-01T06:00:00Z
HR01087,P1087,Synthetic Person 1087,Employee,2024-09-09,,2026-09-01T06:00:00Z
HR01088,P1088,Synthetic Person 1088,Employee,2024-05-05,,2026-09-01T06:00:00Z
HR01089,P1089,Synthetic Person 1089,Employee,2025-09-14,2026-12-25,2026-09-01T06:00:00Z
HR01090,P1090,Synthetic Person 1090,Contractor,2025-01-22,,2026-09-01T06:00:00Z
HR01091,P1091,Synthetic Person 1091,Employee,2025-09-17,,2026-09-01T06:00:00Z
HR01092,P1092,Synthetic Person 1092,Employee,2023-11-30,,2026-09-01T06:00:00Z
HR01093,P1093,Synthetic Person 1093,Employee,2025-04-16,,2026-09-01T06:00:00Z
HR01094,P1094,Synthetic Person 1094,Employee,2023-04-27,,2026-09-01T06:00:00Z
HR01095,P1095,Synthetic Person 1095,Employee,2024-08-29,,2026-09-01T06:00:00Z
HR01096,P1096,Synthetic Person 1096,Employee,2024-11-29,,2026-09-01T06:00:00Z
HR01097,P1097,Synthetic Person 1097,Employee,2025-09-02,,2026-09-01T06:00:00Z
HR01098,P1098,Synthetic Person 1098,Employee,2025-08-23,2026-05-24,2026-09-01T06:00:00Z
HR01099,P1099,Synthetic Person 1099,Employee,2025-05-01,,2026-09-01T06:00:00Z
HR01100,P1100,Synthetic Person 1100,Contractor,2025-04-18,,2026-09-01T06:00:00Z
HR01101,P1101,Synthetic Person 1101,Employee,2023-05-23,,2026-09-01T06:00:00Z
HR01102,P1102,Synthetic Person 1102,Employee,2023-09-05,,2026-09-01T06:00:00Z
HR01103,P1103,Synthetic Person 1103,Employee,2025-01-02,,2026-09-01T06:00:00Z
HR01104,P1104,Synthetic Person 1104,Employee,2023-03-17,,2026-09-01T06:00:00Z
HR01105,P1105,Synthetic Person 1105,Employee,2024-05-05,,2026-09-01T06:00:00Z
HR01106,P1106,Synthetic Person 1106,Employee,2024-07-01,,2026-09-01T06:00:00Z
HR01107,P1107,Synthetic Person 1107,Employee,2024-07-10,2024-10-15,2026-09-01T06:00:00Z
HR01108,P1108,Synthetic Person 1108,Employee,2024-08-31,,2026-09-01T06:00:00Z
HR01109,P1109,Synthetic Person 1109,Employee,2023-04-22,,2026-09-01T06:00:00Z
HR01110,P1110,Synthetic Person 1110,Contractor,2023-06-20,,2026-09-01T06:00:00Z
HR01111,P1111,Synthetic Person 1111,Employee,2023-02-15,,2026-09-01T06:00:00Z
HR01112,P1112,Synthetic Person 1112,Employee,2025-09-17,,2026-09-01T06:00:00Z
HR01113,P1113,Synthetic Person 1113,Employee,2023-04-19,,2026-09-01T06:00:00Z
HR01114,P1114,Synthetic Person 1114,Employee,2023-09-22,,2026-09-01T06:00:00Z
HR01115,P1115,Synthetic Person 1115,Employee,2025-02-03,,2026-09-01T06:00:00Z
HR01116,P1116,Synthetic Person 1116,Employee,2024-08-17,2025-05-30,2026-09-01T06:00:00Z
HR01117,P1117,Synthetic Person 1117,Employee,2024-02-05,,2026-09-01T06:00:00Z
HR01118,P1118,Synthetic Person 1118,Employee,2024-12-08,,2026-09-01T06:00:00Z
HR01119,P1119,Synthetic Person 1119,Employee,2023-12-20,,2026-09-01T06:00:00Z
HR01120,P1120,Synthetic Person 1120,Contractor,2023-04-18,,2026-09-01T06:00:00Z
HR01121,P1121,Synthetic Person 1121,Employee,2025-07-31,,2026-09-01T06:00:00Z
HR01122,P1122,Synthetic Person 1122,Employee,2025-05-01,,2026-09-01T06:00:00Z
HR01123,P1123,Synthetic Person 1123,Employee,2023-12-23,,2026-09-01T06:00:00Z
HR01124,P1124,Synthetic Person 1124,Employee,2024-04-11,,2026-09-01T06:00:00Z
HR01125,P1125,Synthetic Person 1125,Employee,2024-05-09,2025-06-29,2026-09-01T06:00:00Z
HR01126,P1126,Synthetic Person 1126,Employee,2024-03-24,,2026-09-01T06:00:00Z
HR01127,P1127,Synthetic Person 1127,Employee,2023-11-23,,2026-09-01T06:00:00Z
HR01128,P1128,Synthetic Person 1128,Employee,2023-02-15,,2026-09-01T06:00:00Z
HR01129,P1129,Synthetic Person 1129,Employee,2023-01-24,,2026-09-01T06:00:00Z
HR01130,P1130,Synthetic Person 1130,Contractor,2024-11-24,,2026-09-01T06:00:00Z
HR01131,P1131,Synthetic Person 1131,Employee,2024-06-12,,2026-09-01T06:00:00Z
HR01132,P1132,Synthetic Person 1132,Employee,2023-06-13,,2026-09-01T06:00:00Z
HR01133,P1133,Synthetic Person 1133,Employee,2024-03-12,,2026-09-01T06:00:00Z
HR01134,P1134,Synthetic Person 1134,Employee,2025-03-27,2026-07-14,2026-09-01T06:00:00Z
HR01135,P1135,Synthetic Person 1135,Employee,2023-07-10,,2026-09-01T06:00:00Z
HR01136,P1136,Synthetic Person 1136,Employee,2024-02-10,,2026-09-01T06:00:00Z
HR01137,P1137,Synthetic Person 1137,Employee,2025-06-23,,2026-09-01T06:00:00Z
HR01138,P1138,Synthetic Person 1138,Employee,2024-08-29,,2026-09-01T06:00:00Z
HR01139,P1139,Synthetic Person 1139,Employee,2023-01-05,,2026-09-01T06:00:00Z
HR01140,P1140,Synthetic Person 1140,Contractor,2023-07-30,,2026-09-01T06:00:00Z
HR01141,P1141,Synthetic Person 1141,Employee,2024-08-14,,2026-09-01T06:00:00Z
HR01142,P1142,Synthetic Person 1142,Employee,2023-07-11,,2026-09-01T06:00:00Z
HR01143,P1143,Synthetic Person 1143,Employee,2023-07-21,2024-12-30,2026-09-01T06:00:00Z
HR01144,P1144,Synthetic Person 1144,Employee,2024-11-17,,2026-09-01T06:00:00Z
HR01145,P1145,Synthetic Person 1145,Employee,2025-09-16,,2026-09-01T06:00:00Z
HR01146,P1146,Synthetic Person 1146,Employee,2024-09-03,,2026-09-01T06:00:00Z
HR01147,P1147,Synthetic Person 1147,Employee,2024-02-06,,2026-09-01T06:00:00Z
HR01148,P1148,Synthetic Person 1148,Employee,2023-12-23,,2026-09-01T06:00:00Z
HR01149,P1149,Synthetic Person 1149,Employee,2024-09-24,,2026-09-01T06:00:00Z
HR01150,P1150,Synthetic Person 1150,Contractor,2025-07-29,,2026-09-01T06:00:00Z
HR01151,P1151,Synthetic Person 1151,Employee,2023-03-28,,2026-09-01T06:00:00Z
HR01152,P1152,Synthetic Person 1152,Employee,2023-11-17,2024-05-15,2026-09-01T06:00:00Z
HR01153,P1153,Synthetic Person 1153,Employee,2023-04-30,,2026-09-01T06:00:00Z
HR01154,P1154,Synthetic Person 1154,Employee,2024-12-11,,2026-09-01T06:00:00Z
HR01155,P1155,Synthetic Person 1155,Employee,2024-02-02,,2026-09-01T06:00:00Z
HR01156,P1156,Synthetic Person 1156,Employee,2023-05-22,,2026-09-01T06:00:00Z
HR01157,P1157,Synthetic Person 1157,Employee,2024-03-09,,2026-09-01T06:00:00Z
HR01158,P1158,Synthetic Person 1158,Employee,2024-10-12,,2026-09-01T06:00:00Z
HR01159,P1159,Synthetic Person 1159,Employee,2024-07-22,,2026-09-01T06:00:00Z
HR01160,P1160,Synthetic Person 1160,Contractor,2023-10-23,,2026-09-01T06:00:00Z
HR01161,P1161,Synthetic Person 1161,Employee,2023-11-19,2025-04-23,2026-09-01T06:00:00Z
HR01162,P1162,Synthetic Person 1162,Employee,2025-06-05,,2026-09-01T06:00:00Z
HR01163,P1163,Synthetic Person 1163,Employee,2024-05-11,,2026-09-01T06:00:00Z
HR01164,P1164,Synthetic Person 1164,Employee,2025-04-14,,2026-09-01T06:00:00Z
HR01165,P1165,Synthetic Person 1165,Employee,2024-06-01,,2026-09-01T06:00:00Z
HR01166,P1166,Synthetic Person 1166,Employee,2024-02-23,,2026-09-01T06:00:00Z
HR01167,P1167,Synthetic Person 1167,Employee,2024-03-01,,2026-09-01T06:00:00Z
HR01168,P1168,Synthetic Person 1168,Employee,2024-05-15,,2026-09-01T06:00:00Z
HR01169,P1169,Synthetic Person 1169,Employee,2024-08-01,,2026-09-01T06:00:00Z
HR01170,P1170,Synthetic Person 1170,Contractor,2023-10-27,2024-01-28,2026-09-01T06:00:00Z
HR01171,P1171,Synthetic Person 1171,Employee,2024-07-04,,2026-09-01T06:00:00Z
HR01172,P1172,Synthetic Person 1172,Employee,2025-03-10,,2026-09-01T06:00:00Z
HR01173,P1173,Synthetic Person 1173,Employee,2025-01-30,,2026-09-01T06:00:00Z
HR01174,P1174,Synthetic Person 1174,Employee,2024-06-07,,2026-09-01T06:00:00Z
HR01175,P1175,Synthetic Person 1175,Employee,2023-04-27,,2026-09-01T06:00:00Z
HR01176,P1176,Synthetic Person 1176,Employee,2025-04-23,,2026-09-01T06:00:00Z
HR01177,P1177,Synthetic Person 1177,Employee,2025-04-22,,2026-09-01T06:00:00Z
HR01178,P1178,Synthetic Person 1178,Employee,2024-07-13,,2026-09-01T06:00:00Z
HR01179,P1179,Synthetic Person 1179,Employee,2023-04-15,2024-02-22,2026-09-01T06:00:00Z
HR01180,P1180,Synthetic Person 1180,Contractor,2024-04-05,,2026-09-01T06:00:00Z
HR01181,P1181,Synthetic Person 1181,Employee,2025-06-01,,2026-09-01T06:00:00Z
HR01182,P1182,Synthetic Person 1182,Employee,2025-06-05,,2026-09-01T06:00:00Z
HR01183,P1183,Synthetic Person 1183,Employee,2023-08-03,,2026-09-01T06:00:00Z
HR01184,P1184,Synthetic Person 1184,Employee,2024-12-06,,2026-09-01T06:00:00Z
HR01185,P1185,Synthetic Person 1185,Employee,2024-10-09,,2026-09-01T06:00:00Z
HR01186,P1186,Synthetic Person 1186,Employee,2024-09-22,,2026-09-01T06:00:00Z
HR01187,P1187,Synthetic Person 1187,Employee,2025-04-13,,2026-09-01T06:00:00Z
HR01188,P1188,Synthetic Person 1188,Employee,2024-08-06,2025-09-29,2026-09-01T06:00:00Z
HR01189,P1189,Synthetic Person 1189,Employee,2024-09-03,,2026-09-01T06:00:00Z
HR01190,P1190,Synthetic Person 1190,Contractor,2023-11-28,,2026-09-01T06:00:00Z
HR01191,P1191,Synthetic Person 1191,Employee,2023-10-24,,2026-09-01T06:00:00Z
HR01192,P1192,Synthetic Person 1192,Employee,2025-09-02,,2026-09-01T06:00:00Z
HR01193,P1193,Synthetic Person 1193,Employee,2023-05-19,,2026-09-01T06:00:00Z
HR01194,P1194,Synthetic Person 1194,Employee,2023-10-11,,2026-09-01T06:00:00Z
HR01195,P1195,Synthetic Person 1195,Employee,2024-12-19,,2026-09-01T06:00:00Z
HR01196,P1196,Synthetic Person 1196,Employee,2023-05-30,,2026-09-01T06:00:00Z
HR01197,P1197,Synthetic Person 1197,Employee,2025-04-28,2026-03-07,2026-09-01T06:00:00Z
HR01198,P1198,Synthetic Person 1198,Employee,2024-05-16,,2026-09-01T06:00:00Z
HR01199,P1199,Synthetic Person 1199,Employee,2024-10-09,,2026-09-01T06:00:00Z
HR01200,P1200,Synthetic Person 1200,Contractor,2024-01-20,,2026-09-01T06:00:00Z
HR01201,P0101,Synthetic Person 0101,Employee,2025-06-04,,2026-09-01T06:00:00Z
HR01202,P0102,Synthetic Person 0102,Employee,2023-06-18,,2026-09-01T06:00:00Z
HR01203,P0103,Synthetic Person 0103,Employee,2024-02-04,,2026-09-01T06:00:00Z
HR01204,P0104,Synthetic Person 0104,Employee,2023-10-20,,2026-09-01T06:00:00Z
HR01205,P0105,Synthetic Person 0105,Employee,2024-11-08,,2026-09-01T06:00:00Z
HR01206,P0106,Synthetic Person 0106,Employee,2023-06-08,,2026-09-01T06:00:00Z
HR01207,P0107,Synthetic Person 0107,Employee,2023-08-11,,2026-09-01T06:00:00Z
HR01208,P0108,Synthetic Person 0108,Employee,2025-01-23,2025-05-25,2026-09-01T06:00:00Z
HR01209,P0109,Synthetic Person 0109,Employee,2023-02-28,,2026-09-01T06:00:00Z
HR01210,P0110,Synthetic Person 0110,Contractor,2024-05-03,,2026-09-01T06:00:00Z
